sku,name,brand,category,price,currency,description
VS-00001,Ceramic mixing bowl 1,Volume Supplies,Kitchen,3.99,GBP,"A made-up mixing bowl for ACME's volume test, number 1."
VS-00002,Saucepan 18 cm 2,Volume Supplies,Kitchen,4.99,GBP,"A made-up saucepan for ACME's volume test, number 2."
VS-00003,Brass desk lamp 3,Volume Supplies,Lighting,5.99,GBP,
VS-00004,LED strip light 2 m 4,Volume Supplies,Lighting,6.99,GBP,"A made-up strip light for ACME's volume test, number 4."
VS-00005,Hand trowel 5,Volume Supplies,Garden,7.99,GBP,"A made-up trowel for ACME's volume test, number 5."
VS-00006,Rubber garden hose 15 m 6,Volume Supplies,Garden,8.99,GBP,
VS-00007,Kettle 1.7 L 7,Volume Supplies,Kitchen,9.99,GBP,"A made-up kettle for ACME's volume test, number 7."
VS-00008,Ceramic mixing bowl 8,Volume Supplies,Kitchen,10.99,GBP,"A made-up mixing bowl for ACME's volume test, number 8."
VS-00009,Saucepan 18 cm 9,Volume Supplies,Kitchen,11.99,GBP,
VS-00010,S/S hand trowel 10,Volume Supplies,Lighting,12.99,GBP,"A made-up hand trowel for ACME's volume test, number 10."
VS-00011,LED strip light 2 m 11,Volume Supplies,Lighting,13.99,GBP,"A made-up strip light for ACME's volume test, number 11."
VS-00012,Hand trowel 12,Volume Supplies,Garden,14.99,GBP,
VS-00013,Rubber garden hose 15 m 13,Volume Supplies,Garden,15.99,GBP,"A made-up garden hose for ACME's volume test, number 13."
VS-00014,Kettle 1.7 L 14,Volume Supplies,Kitchen,16.99,GBP,"A made-up kettle for ACME's volume test, number 14."
VS-00015,Ceramic mixing bowl 15,Volume Supplies,Kitchen,17.99,GBP,
VS-00016,Saucepan 18 cm 16,Volume Supplies,Kitchen,18.99,GBP,"A made-up saucepan for ACME's volume test, number 16."
VS-00017,Brass desk lamp 17,Volume Supplies,Lighting,19.99,GBP,"A made-up desk lamp for ACME's volume test, number 17."
VS-00018,LED strip light 2 m 18,Volume Supplies,Lighting,20.99,GBP,
VS-00019,Hand trowel 19,Volume Supplies,Garden,21.99,GBP,"A made-up trowel for ACME's volume test, number 19."
VS-00020,S/S kettle 20,Volume Supplies,Garden,22.99,GBP,"A made-up kettle for ACME's volume test, number 20."
VS-00021,Kettle 1.7 L 21,Volume Supplies,Kitchen,23.99,GBP,
VS-00022,Ceramic mixing bowl 22,Volume Supplies,Kitchen,24.99,GBP,"A made-up mixing bowl for ACME's volume test, number 22."
VS-00023,Saucepan 18 cm 23,Volume Supplies,Kitchen,25.99,GBP,"A made-up saucepan for ACME's volume test, number 23."
VS-00024,Brass desk lamp 24,Volume Supplies,Lighting,26.99,GBP,
VS-00025,LED strip light 2 m 25,Volume Supplies,Lighting,27.99,GBP,"A made-up strip light for ACME's volume test, number 25."
VS-00026,Hand trowel 26,Volume Supplies,Garden,28.99,GBP,"A made-up trowel for ACME's volume test, number 26."
VS-00027,Rubber garden hose 15 m 27,Volume Supplies,Garden,29.99,GBP,
VS-00028,Kettle 1.7 L 28,Volume Supplies,Kitchen,30.99,GBP,"A made-up kettle for ACME's volume test, number 28."
VS-00029,Ceramic mixing bowl 29,Volume Supplies,Kitchen,31.99,GBP,"A made-up mixing bowl for ACME's volume test, number 29."
VS-00030,S/S hand trowel 30,Volume Supplies,Kitchen,32.99,GBP,
VS-00031,Brass desk lamp 31,Volume Supplies,Lighting,33.99,GBP,"A made-up desk lamp for ACME's volume test, number 31."
VS-00032,LED strip light 2 m 32,Volume Supplies,Lighting,34.99,GBP,"A made-up strip light for ACME's volume test, number 32."
VS-00033,Hand trowel 33,Volume Supplies,Garden,35.99,GBP,
VS-00034,Rubber garden hose 15 m 34,Volume Supplies,Garden,36.99,GBP,"A made-up garden hose for ACME's volume test, number 34."
VS-00035,Kettle 1.7 L 35,Volume Supplies,Kitchen,37.99,GBP,"A made-up kettle for ACME's volume test, number 35."
VS-00036,Ceramic mixing bowl 36,Volume Supplies,Kitchen,38.99,GBP,
VS-00037,Saucepan 18 cm 37,Volume Supplies,Kitchen,39.99,GBP,"A made-up saucepan for ACME's volume test, number 37."
VS-00038,Brass desk lamp 38,Volume Supplies,Lighting,40.99,GBP,"A made-up desk lamp for ACME's volume test, number 38."
VS-00039,LED strip light 2 m 39,Volume Supplies,Lighting,41.99,GBP,
VS-00040,S/S kettle 40,Volume Supplies,Garden,42.99,GBP,"A made-up kettle for ACME's volume test, number 40."
VS-00041,Rubber garden hose 15 m 41,Volume Supplies,Garden,43.99,GBP,"A made-up garden hose for ACME's volume test, number 41."
VS-00042,Kettle 1.7 L 42,Volume Supplies,Kitchen,44.99,GBP,
VS-00043,Ceramic mixing bowl 43,Volume Supplies,Kitchen,45.99,GBP,"A made-up mixing bowl for ACME's volume test, number 43."
VS-00044,Saucepan 18 cm 44,Volume Supplies,Kitchen,46.99,GBP,"A made-up saucepan for ACME's volume test, number 44."
VS-00045,Brass desk lamp 45,Volume Supplies,Lighting,47.99,GBP,
VS-00046,LED strip light 2 m 46,Volume Supplies,Lighting,48.99,GBP,"A made-up strip light for ACME's volume test, number 46."
VS-00047,Hand trowel 47,Volume Supplies,Garden,49.99,GBP,"A made-up trowel for ACME's volume test, number 47."
VS-00048,Rubber garden hose 15 m 48,Volume Supplies,Garden,50.99,GBP,
VS-00049,Kettle 1.7 L 49,Volume Supplies,Kitchen,51.99,GBP,"A made-up kettle for ACME's volume test, number 49."
VS-00050,S/S hand trowel 50,Volume Supplies,Kitchen,52.99,GBP,"A made-up hand trowel for ACME's volume test, number 50."
VS-00051,Saucepan 18 cm 51,Volume Supplies,Kitchen,53.99,GBP,
VS-00052,Brass desk lamp 52,Volume Supplies,Lighting,54.99,GBP,"A made-up desk lamp for ACME's volume test, number 52."
VS-00053,LED strip light 2 m 53,Volume Supplies,Lighting,55.99,GBP,"A made-up strip light for ACME's volume test, number 53."
VS-00054,Hand trowel 54,Volume Supplies,Garden,56.99,GBP,
VS-00055,Rubber garden hose 15 m 55,Volume Supplies,Garden,57.99,GBP,"A made-up garden hose for ACME's volume test, number 55."
VS-00056,Kettle 1.7 L 56,Volume Supplies,Kitchen,58.99,GBP,"A made-up kettle for ACME's volume test, number 56."
VS-00057,Ceramic mixing bowl 57,Volume Supplies,Kitchen,59.99,GBP,
VS-00058,Saucepan 18 cm 58,Volume Supplies,Kitchen,60.99,GBP,"A made-up saucepan for ACME's volume test, number 58."
VS-00059,Brass desk lamp 59,Volume Supplies,Lighting,61.99,GBP,"A made-up desk lamp for ACME's volume test, number 59."
VS-00060,S/S kettle 60,Volume Supplies,Lighting,62.99,GBP,
VS-00061,Hand trowel 61,Volume Supplies,Garden,63.99,GBP,"A made-up trowel for ACME's volume test, number 61."
VS-00062,Rubber garden hose 15 m 62,Volume Supplies,Garden,64.99,GBP,"A made-up garden hose for ACME's volume test, number 62."
VS-00063,Kettle 1.7 L 63,Volume Supplies,Kitchen,65.99,GBP,
VS-00064,Ceramic mixing bowl 64,Volume Supplies,Kitchen,66.99,GBP,"A made-up mixing bowl for ACME's volume test, number 64."
VS-00065,Saucepan 18 cm 65,Volume Supplies,Kitchen,67.99,GBP,"A made-up saucepan for ACME's volume test, number 65."
VS-00066,Brass desk lamp 66,Volume Supplies,Lighting,68.99,GBP,
VS-00067,LED strip light 2 m 67,Volume Supplies,Lighting,69.99,GBP,"A made-up strip light for ACME's volume test, number 67."
VS-00068,Hand trowel 68,Volume Supplies,Garden,70.99,GBP,"A made-up trowel for ACME's volume test, number 68."
VS-00069,Rubber garden hose 15 m 69,Volume Supplies,Garden,71.99,GBP,
VS-00070,S/S hand trowel 70,Volume Supplies,Kitchen,72.99,GBP,"A made-up hand trowel for ACME's volume test, number 70."
VS-00071,Ceramic mixing bowl 71,Volume Supplies,Kitchen,73.99,GBP,"A made-up mixing bowl for ACME's volume test, number 71."
VS-00072,Saucepan 18 cm 72,Volume Supplies,Kitchen,74.99,GBP,
VS-00073,Brass desk lamp 73,Volume Supplies,Lighting,75.99,GBP,"A made-up desk lamp for ACME's volume test, number 73."
VS-00074,LED strip light 2 m 74,Volume Supplies,Lighting,76.99,GBP,"A made-up strip light for ACME's volume test, number 74."
VS-00075,Hand trowel 75,Volume Supplies,Garden,77.99,GBP,
VS-00076,Rubber garden hose 15 m 76,Volume Supplies,Garden,78.99,GBP,"A made-up garden hose for ACME's volume test, number 76."
VS-00077,Kettle 1.7 L 77,Volume Supplies,Kitchen,79.99,GBP,"A made-up kettle for ACME's volume test, number 77."
VS-00078,Ceramic mixing bowl 78,Volume Supplies,Kitchen,80.99,GBP,
VS-00079,Saucepan 18 cm 79,Volume Supplies,Kitchen,81.99,GBP,"A made-up saucepan for ACME's volume test, number 79."
VS-00080,S/S kettle 80,Volume Supplies,Lighting,82.99,GBP,"A made-up kettle for ACME's volume test, number 80."
VS-00081,LED strip light 2 m 81,Volume Supplies,Lighting,83.99,GBP,
VS-00082,Hand trowel 82,Volume Supplies,Garden,84.99,GBP,"A made-up trowel for ACME's volume test, number 82."
VS-00083,Rubber garden hose 15 m 83,Volume Supplies,Garden,85.99,GBP,"A made-up garden hose for ACME's volume test, number 83."
VS-00084,Kettle 1.7 L 84,Volume Supplies,Kitchen,86.99,GBP,
VS-00085,Ceramic mixing bowl 85,Volume Supplies,Kitchen,87.99,GBP,"A made-up mixing bowl for ACME's volume test, number 85."
VS-00086,Saucepan 18 cm 86,Volume Supplies,Kitchen,88.99,GBP,"A made-up saucepan for ACME's volume test, number 86."
VS-00087,Brass desk lamp 87,Volume Supplies,Lighting,89.99,GBP,
VS-00088,LED strip light 2 m 88,Volume Supplies,Lighting,90.99,GBP,"A made-up strip light for ACME's volume test, number 88."
VS-00089,Hand trowel 89,Volume Supplies,Garden,91.99,GBP,"A made-up trowel for ACME's volume test, number 89."
VS-00090,S/S hand trowel 90,Volume Supplies,Garden,92.99,GBP,
VS-00091,Kettle 1.7 L 91,Volume Supplies,Kitchen,93.99,GBP,"A made-up kettle for ACME's volume test, number 91."
VS-00092,Ceramic mixing bowl 92,Volume Supplies,Kitchen,94.99,GBP,"A made-up mixing bowl for ACME's volume test, number 92."
VS-00093,Saucepan 18 cm 93,Volume Supplies,Kitchen,95.99,GBP,
VS-00094,Brass desk lamp 94,Volume Supplies,Lighting,96.99,GBP,"A made-up desk lamp for ACME's volume test, number 94."
VS-00095,LED strip light 2 m 95,Volume Supplies,Lighting,97.99,GBP,"A made-up strip light for ACME's volume test, number 95."
VS-00096,Hand trowel 96,Volume Supplies,Garden,98.99,GBP,
VS-00097,Rubber garden hose 15 m 97,Volume Supplies,Garden,2.99,GBP,"A made-up garden hose for ACME's volume test, number 97."
VS-00098,Kettle 1.7 L 98,Volume Supplies,Kitchen,3.99,GBP,"A made-up kettle for ACME's volume test, number 98."
VS-00099,Ceramic mixing bowl 99,Volume Supplies,Kitchen,4.99,GBP,
VS-00100,S/S kettle 100,Volume Supplies,Kitchen,5.99,GBP,"A made-up kettle for ACME's volume test, number 100."
VS-00101,Brass desk lamp 101,Volume Supplies,Lighting,6.99,GBP,"A made-up desk lamp for ACME's volume test, number 101."
VS-00102,LED strip light 2 m 102,Volume Supplies,Lighting,7.99,GBP,
VS-00103,Hand trowel 103,Volume Supplies,Garden,8.99,GBP,"A made-up trowel for ACME's volume test, number 103."
VS-00104,Rubber garden hose 15 m 104,Volume Supplies,Garden,9.99,GBP,"A made-up garden hose for ACME's volume test, number 104."
VS-00105,Kettle 1.7 L 105,Volume Supplies,Kitchen,10.99,GBP,
VS-00106,Ceramic mixing bowl 106,Volume Supplies,Kitchen,11.99,GBP,"A made-up mixing bowl for ACME's volume test, number 106."
VS-00107,Saucepan 18 cm 107,Volume Supplies,Kitchen,12.99,GBP,"A made-up saucepan for ACME's volume test, number 107."
VS-00108,Brass desk lamp 108,Volume Supplies,Lighting,13.99,GBP,
VS-00109,LED strip light 2 m 109,Volume Supplies,Lighting,14.99,GBP,"A made-up strip light for ACME's volume test, number 109."
VS-00110,S/S hand trowel 110,Volume Supplies,Garden,15.99,GBP,"A made-up hand trowel for ACME's volume test, number 110."
VS-00111,Rubber garden hose 15 m 111,Volume Supplies,Garden,16.99,GBP,
VS-00112,Kettle 1.7 L 112,Volume Supplies,Kitchen,17.99,GBP,"A made-up kettle for ACME's volume test, number 112."
VS-00113,Ceramic mixing bowl 113,Volume Supplies,Kitchen,18.99,GBP,"A made-up mixing bowl for ACME's volume test, number 113."
VS-00114,Saucepan 18 cm 114,Volume Supplies,Kitchen,19.99,GBP,
VS-00115,Brass desk lamp 115,Volume Supplies,Lighting,20.99,GBP,"A made-up desk lamp for ACME's volume test, number 115."
VS-00116,LED strip light 2 m 116,Volume Supplies,Lighting,21.99,GBP,"A made-up strip light for ACME's volume test, number 116."
VS-00117,Hand trowel 117,Volume Supplies,Garden,22.99,GBP,
VS-00118,Rubber garden hose 15 m 118,Volume Supplies,Garden,23.99,GBP,"A made-up garden hose for ACME's volume test, number 118."
VS-00119,Kettle 1.7 L 119,Volume Supplies,Kitchen,24.99,GBP,"A made-up kettle for ACME's volume test, number 119."
VS-00120,S/S kettle 120,Volume Supplies,Kitchen,25.99,GBP,
VS-00121,Saucepan 18 cm 121,Volume Supplies,Kitchen,26.99,GBP,"A made-up saucepan for ACME's volume test, number 121."
VS-00122,Brass desk lamp 122,Volume Supplies,Lighting,27.99,GBP,"A made-up desk lamp for ACME's volume test, number 122."
VS-00123,LED strip light 2 m 123,Volume Supplies,Lighting,28.99,GBP,
VS-00124,Hand trowel 124,Volume Supplies,Garden,29.99,GBP,"A made-up trowel for ACME's volume test, number 124."
VS-00125,Rubber garden hose 15 m 125,Volume Supplies,Garden,30.99,GBP,"A made-up garden hose for ACME's volume test, number 125."
VS-00126,Kettle 1.7 L 126,Volume Supplies,Kitchen,31.99,GBP,
VS-00127,Ceramic mixing bowl 127,Volume Supplies,Kitchen,32.99,GBP,"A made-up mixing bowl for ACME's volume test, number 127."
VS-00128,Saucepan 18 cm 128,Volume Supplies,Kitchen,33.99,GBP,"A made-up saucepan for ACME's volume test, number 128."
VS-00129,Brass desk lamp 129,Volume Supplies,Lighting,34.99,GBP,
VS-00130,S/S hand trowel 130,Volume Supplies,Lighting,35.99,GBP,"A made-up hand trowel for ACME's volume test, number 130."
VS-00131,Hand trowel 131,Volume Supplies,Garden,36.99,GBP,"A made-up trowel for ACME's volume test, number 131."
VS-00132,Rubber garden hose 15 m 132,Volume Supplies,Garden,37.99,GBP,
VS-00133,Kettle 1.7 L 133,Volume Supplies,Kitchen,38.99,GBP,"A made-up kettle for ACME's volume test, number 133."
VS-00134,Ceramic mixing bowl 134,Volume Supplies,Kitchen,39.99,GBP,"A made-up mixing bowl for ACME's volume test, number 134."
VS-00135,Saucepan 18 cm 135,Volume Supplies,Kitchen,40.99,GBP,
VS-00136,Brass desk lamp 136,Volume Supplies,Lighting,41.99,GBP,"A made-up desk lamp for ACME's volume test, number 136."
VS-00137,LED strip light 2 m 137,Volume Supplies,Lighting,42.99,GBP,"A made-up strip light for ACME's volume test, number 137."
VS-00138,Hand trowel 138,Volume Supplies,Garden,43.99,GBP,
VS-00139,Rubber garden hose 15 m 139,Volume Supplies,Garden,44.99,GBP,"A made-up garden hose for ACME's volume test, number 139."
VS-00140,S/S kettle 140,Volume Supplies,Kitchen,45.99,GBP,"A made-up kettle for ACME's volume test, number 140."
VS-00141,Ceramic mixing bowl 141,Volume Supplies,Kitchen,46.99,GBP,
VS-00142,Saucepan 18 cm 142,Volume Supplies,Kitchen,47.99,GBP,"A made-up saucepan for ACME's volume test, number 142."
VS-00143,Brass desk lamp 143,Volume Supplies,Lighting,48.99,GBP,"A made-up desk lamp for ACME's volume test, number 143."
VS-00144,LED strip light 2 m 144,Volume Supplies,Lighting,49.99,GBP,
VS-00145,Hand trowel 145,Volume Supplies,Garden,50.99,GBP,"A made-up trowel for ACME's volume test, number 145."
VS-00146,Rubber garden hose 15 m 146,Volume Supplies,Garden,51.99,GBP,"A made-up garden hose for ACME's volume test, number 146."
VS-00147,Kettle 1.7 L 147,Volume Supplies,Kitchen,52.99,GBP,
VS-00148,Ceramic mixing bowl 148,Volume Supplies,Kitchen,53.99,GBP,"A made-up mixing bowl for ACME's volume test, number 148."
VS-00149,Saucepan 18 cm 149,Volume Supplies,Kitchen,54.99,GBP,"A made-up saucepan for ACME's volume test, number 149."
VS-00150,S/S hand trowel 150,Volume Supplies,Lighting,55.99,GBP,
VS-00151,LED strip light 2 m 151,Volume Supplies,Lighting,56.99,GBP,"A made-up strip light for ACME's volume test, number 151."
VS-00152,Hand trowel 152,Volume Supplies,Garden,57.99,GBP,"A made-up trowel for ACME's volume test, number 152."
VS-00153,Rubber garden hose 15 m 153,Volume Supplies,Garden,58.99,GBP,
VS-00154,Kettle 1.7 L 154,Volume Supplies,Kitchen,59.99,GBP,"A made-up kettle for ACME's volume test, number 154."
VS-00155,Ceramic mixing bowl 155,Volume Supplies,Kitchen,60.99,GBP,"A made-up mixing bowl for ACME's volume test, number 155."
VS-00156,Saucepan 18 cm 156,Volume Supplies,Kitchen,61.99,GBP,
VS-00157,Brass desk lamp 157,Volume Supplies,Lighting,62.99,GBP,"A made-up desk lamp for ACME's volume test, number 157."
VS-00158,LED strip light 2 m 158,Volume Supplies,Lighting,63.99,GBP,"A made-up strip light for ACME's volume test, number 158."
VS-00159,Hand trowel 159,Volume Supplies,Garden,64.99,GBP,
VS-00160,S/S kettle 160,Volume Supplies,Garden,65.99,GBP,"A made-up kettle for ACME's volume test, number 160."
VS-00161,Kettle 1.7 L 161,Volume Supplies,Kitchen,66.99,GBP,"A made-up kettle for ACME's volume test, number 161."
VS-00162,Ceramic mixing bowl 162,Volume Supplies,Kitchen,67.99,GBP,
VS-00163,Saucepan 18 cm 163,Volume Supplies,Kitchen,68.99,GBP,"A made-up saucepan for ACME's volume test, number 163."
VS-00164,Brass desk lamp 164,Volume Supplies,Lighting,69.99,GBP,"A made-up desk lamp for ACME's volume test, number 164."
VS-00165,LED strip light 2 m 165,Volume Supplies,Lighting,70.99,GBP,
VS-00166,Hand trowel 166,Volume Supplies,Garden,71.99,GBP,"A made-up trowel for ACME's volume test, number 166."
VS-00167,Rubber garden hose 15 m 167,Volume Supplies,Garden,72.99,GBP,"A made-up garden hose for ACME's volume test, number 167."
VS-00168,Kettle 1.7 L 168,Volume Supplies,Kitchen,73.99,GBP,
VS-00169,Ceramic mixing bowl 169,Volume Supplies,Kitchen,74.99,GBP,"A made-up mixing bowl for ACME's volume test, number 169."
VS-00170,S/S hand trowel 170,Volume Supplies,Kitchen,75.99,GBP,"A made-up hand trowel for ACME's volume test, number 170."
VS-00171,Brass desk lamp 171,Volume Supplies,Lighting,76.99,GBP,
VS-00172,LED strip light 2 m 172,Volume Supplies,Lighting,77.99,GBP,"A made-up strip light for ACME's volume test, number 172."
VS-00173,Hand trowel 173,Volume Supplies,Garden,78.99,GBP,"A made-up trowel for ACME's volume test, number 173."
VS-00174,Rubber garden hose 15 m 174,Volume Supplies,Garden,79.99,GBP,
VS-00175,Kettle 1.7 L 175,Volume Supplies,Kitchen,80.99,GBP,"A made-up kettle for ACME's volume test, number 175."
VS-00176,Ceramic mixing bowl 176,Volume Supplies,Kitchen,81.99,GBP,"A made-up mixing bowl for ACME's volume test, number 176."
VS-00177,Saucepan 18 cm 177,Volume Supplies,Kitchen,82.99,GBP,
VS-00178,Brass desk lamp 178,Volume Supplies,Lighting,83.99,GBP,"A made-up desk lamp for ACME's volume test, number 178."
VS-00179,LED strip light 2 m 179,Volume Supplies,Lighting,84.99,GBP,"A made-up strip light for ACME's volume test, number 179."
VS-00180,S/S kettle 180,Volume Supplies,Garden,85.99,GBP,
VS-00181,Rubber garden hose 15 m 181,Volume Supplies,Garden,86.99,GBP,"A made-up garden hose for ACME's volume test, number 181."
VS-00182,Kettle 1.7 L 182,Volume Supplies,Kitchen,87.99,GBP,"A made-up kettle for ACME's volume test, number 182."
VS-00183,Ceramic mixing bowl 183,Volume Supplies,Kitchen,88.99,GBP,
VS-00184,Saucepan 18 cm 184,Volume Supplies,Kitchen,89.99,GBP,"A made-up saucepan for ACME's volume test, number 184."
VS-00185,Brass desk lamp 185,Volume Supplies,Lighting,90.99,GBP,"A made-up desk lamp for ACME's volume test, number 185."
VS-00186,LED strip light 2 m 186,Volume Supplies,Lighting,91.99,GBP,
VS-00187,Hand trowel 187,Volume Supplies,Garden,92.99,GBP,"A made-up trowel for ACME's volume test, number 187."
VS-00188,Rubber garden hose 15 m 188,Volume Supplies,Garden,93.99,GBP,"A made-up garden hose for ACME's volume test, number 188."
VS-00189,Kettle 1.7 L 189,Volume Supplies,Kitchen,94.99,GBP,
VS-00190,S/S hand trowel 190,Volume Supplies,Kitchen,95.99,GBP,"A made-up hand trowel for ACME's volume test, number 190."
VS-00191,Saucepan 18 cm 191,Volume Supplies,Kitchen,96.99,GBP,"A made-up saucepan for ACME's volume test, number 191."
VS-00192,Brass desk lamp 192,Volume Supplies,Lighting,97.99,GBP,
VS-00193,LED strip light 2 m 193,Volume Supplies,Lighting,98.99,GBP,"A made-up strip light for ACME's volume test, number 193."
VS-00194,Hand trowel 194,Volume Supplies,Garden,2.99,GBP,"A made-up trowel for ACME's volume test, number 194."
VS-00195,Rubber garden hose 15 m 195,Volume Supplies,Garden,3.99,GBP,
VS-00196,Kettle 1.7 L 196,Volume Supplies,Kitchen,4.99,GBP,"A made-up kettle for ACME's volume test, number 196."
VS-00197,Ceramic mixing bowl 197,Volume Supplies,Kitchen,5.99,GBP,"A made-up mixing bowl for ACME's volume test, number 197."
VS-00198,Saucepan 18 cm 198,Volume Supplies,Kitchen,6.99,GBP,
VS-00199,Brass desk lamp 199,Volume Supplies,Lighting,7.99,GBP,"A made-up desk lamp for ACME's volume test, number 199."
VS-00200,S/S kettle 200,Volume Supplies,Lighting,8.99,GBP,"A made-up kettle for ACME's volume test, number 200."
VS-00201,Hand trowel 201,Volume Supplies,Garden,9.99,GBP,
VS-00202,Rubber garden hose 15 m 202,Volume Supplies,Garden,10.99,GBP,"A made-up garden hose for ACME's volume test, number 202."
VS-00203,Kettle 1.7 L 203,Volume Supplies,Kitchen,11.99,GBP,"A made-up kettle for ACME's volume test, number 203."
VS-00204,Ceramic mixing bowl 204,Volume Supplies,Kitchen,12.99,GBP,
VS-00205,Saucepan 18 cm 205,Volume Supplies,Kitchen,13.99,GBP,"A made-up saucepan for ACME's volume test, number 205."
VS-00206,Brass desk lamp 206,Volume Supplies,Lighting,14.99,GBP,"A made-up desk lamp for ACME's volume test, number 206."
VS-00207,LED strip light 2 m 207,Volume Supplies,Lighting,15.99,GBP,
VS-00208,Hand trowel 208,Volume Supplies,Garden,16.99,GBP,"A made-up trowel for ACME's volume test, number 208."
VS-00209,Rubber garden hose 15 m 209,Volume Supplies,Garden,17.99,GBP,"A made-up garden hose for ACME's volume test, number 209."
VS-00210,S/S hand trowel 210,Volume Supplies,Kitchen,18.99,GBP,
VS-00211,Ceramic mixing bowl 211,Volume Supplies,Kitchen,19.99,GBP,"A made-up mixing bowl for ACME's volume test, number 211."
VS-00212,Saucepan 18 cm 212,Volume Supplies,Kitchen,20.99,GBP,"A made-up saucepan for ACME's volume test, number 212."
VS-00213,Brass desk lamp 213,Volume Supplies,Lighting,21.99,GBP,
VS-00214,LED strip light 2 m 214,Volume Supplies,Lighting,22.99,GBP,"A made-up strip light for ACME's volume test, number 214."
VS-00215,Hand trowel 215,Volume Supplies,Garden,23.99,GBP,"A made-up trowel for ACME's volume test, number 215."
VS-00216,Rubber garden hose 15 m 216,Volume Supplies,Garden,24.99,GBP,
VS-00217,Kettle 1.7 L 217,Volume Supplies,Kitchen,25.99,GBP,"A made-up kettle for ACME's volume test, number 217."
VS-00218,Ceramic mixing bowl 218,Volume Supplies,Kitchen,26.99,GBP,"A made-up mixing bowl for ACME's volume test, number 218."
VS-00219,Saucepan 18 cm 219,Volume Supplies,Kitchen,27.99,GBP,
VS-00220,S/S kettle 220,Volume Supplies,Lighting,28.99,GBP,"A made-up kettle for ACME's volume test, number 220."
VS-00221,LED strip light 2 m 221,Volume Supplies,Lighting,29.99,GBP,"A made-up strip light for ACME's volume test, number 221."
VS-00222,Hand trowel 222,Volume Supplies,Garden,30.99,GBP,
VS-00223,Rubber garden hose 15 m 223,Volume Supplies,Garden,31.99,GBP,"A made-up garden hose for ACME's volume test, number 223."
VS-00224,Kettle 1.7 L 224,Volume Supplies,Kitchen,32.99,GBP,"A made-up kettle for ACME's volume test, number 224."
VS-00225,Ceramic mixing bowl 225,Volume Supplies,Kitchen,33.99,GBP,
VS-00226,Saucepan 18 cm 226,Volume Supplies,Kitchen,34.99,GBP,"A made-up saucepan for ACME's volume test, number 226."
VS-00227,Brass desk lamp 227,Volume Supplies,Lighting,35.99,GBP,"A made-up desk lamp for ACME's volume test, number 227."
VS-00228,LED strip light 2 m 228,Volume Supplies,Lighting,36.99,GBP,
VS-00229,Hand trowel 229,Volume Supplies,Garden,37.99,GBP,"A made-up trowel for ACME's volume test, number 229."
VS-00230,S/S hand trowel 230,Volume Supplies,Garden,38.99,GBP,"A made-up hand trowel for ACME's volume test, number 230."
VS-00231,Kettle 1.7 L 231,Volume Supplies,Kitchen,39.99,GBP,
VS-00232,Ceramic mixing bowl 232,Volume Supplies,Kitchen,40.99,GBP,"A made-up mixing bowl for ACME's volume test, number 232."
VS-00233,Saucepan 18 cm 233,Volume Supplies,Kitchen,41.99,GBP,"A made-up saucepan for ACME's volume test, number 233."
VS-00234,Brass desk lamp 234,Volume Supplies,Lighting,42.99,GBP,
VS-00235,LED strip light 2 m 235,Volume Supplies,Lighting,43.99,GBP,"A made-up strip light for ACME's volume test, number 235."
VS-00236,Hand trowel 236,Volume Supplies,Garden,44.99,GBP,"A made-up trowel for ACME's volume test, number 236."
VS-00237,Rubber garden hose 15 m 237,Volume Supplies,Garden,45.99,GBP,
VS-00238,Kettle 1.7 L 238,Volume Supplies,Kitchen,46.99,GBP,"A made-up kettle for ACME's volume test, number 238."
VS-00239,Ceramic mixing bowl 239,Volume Supplies,Kitchen,47.99,GBP,"A made-up mixing bowl for ACME's volume test, number 239."
VS-00240,S/S kettle 240,Volume Supplies,Kitchen,48.99,GBP,
VS-00241,Brass desk lamp 241,Volume Supplies,Lighting,49.99,GBP,"A made-up desk lamp for ACME's volume test, number 241."
VS-00242,LED strip light 2 m 242,Volume Supplies,Lighting,50.99,GBP,"A made-up strip light for ACME's volume test, number 242."
VS-00243,Hand trowel 243,Volume Supplies,Garden,51.99,GBP,
VS-00244,Rubber garden hose 15 m 244,Volume Supplies,Garden,52.99,GBP,"A made-up garden hose for ACME's volume test, number 244."
VS-00245,Kettle 1.7 L 245,Volume Supplies,Kitchen,53.99,GBP,"A made-up kettle for ACME's volume test, number 245."
VS-00246,Ceramic mixing bowl 246,Volume Supplies,Kitchen,54.99,GBP,
VS-00247,Saucepan 18 cm 247,Volume Supplies,Kitchen,55.99,GBP,"A made-up saucepan for ACME's volume test, number 247."
VS-00248,Brass desk lamp 248,Volume Supplies,Lighting,56.99,GBP,"A made-up desk lamp for ACME's volume test, number 248."
VS-00249,LED strip light 2 m 249,Volume Supplies,Lighting,57.99,GBP,
VS-00250,S/S hand trowel 250,Volume Supplies,Garden,58.99,GBP,"A made-up hand trowel for ACME's volume test, number 250."
VS-00251,Rubber garden hose 15 m 251,Volume Supplies,Garden,59.99,GBP,"A made-up garden hose for ACME's volume test, number 251."
VS-00252,Kettle 1.7 L 252,Volume Supplies,Kitchen,60.99,GBP,
VS-00253,Ceramic mixing bowl 253,Volume Supplies,Kitchen,61.99,GBP,"A made-up mixing bowl for ACME's volume test, number 253."
VS-00254,Saucepan 18 cm 254,Volume Supplies,Kitchen,62.99,GBP,"A made-up saucepan for ACME's volume test, number 254."
VS-00255,Brass desk lamp 255,Volume Supplies,Lighting,63.99,GBP,
VS-00256,LED strip light 2 m 256,Volume Supplies,Lighting,64.99,GBP,"A made-up strip light for ACME's volume test, number 256."
VS-00257,Hand trowel 257,Volume Supplies,Garden,65.99,GBP,"A made-up trowel for ACME's volume test, number 257."
VS-00258,Rubber garden hose 15 m 258,Volume Supplies,Garden,66.99,GBP,
VS-00259,Kettle 1.7 L 259,Volume Supplies,Kitchen,67.99,GBP,"A made-up kettle for ACME's volume test, number 259."
VS-00260,S/S kettle 260,Volume Supplies,Kitchen,68.99,GBP,"A made-up kettle for ACME's volume test, number 260."
VS-00261,Saucepan 18 cm 261,Volume Supplies,Kitchen,69.99,GBP,
VS-00262,Brass desk lamp 262,Volume Supplies,Lighting,70.99,GBP,"A made-up desk lamp for ACME's volume test, number 262."
VS-00263,LED strip light 2 m 263,Volume Supplies,Lighting,71.99,GBP,"A made-up strip light for ACME's volume test, number 263."
VS-00264,Hand trowel 264,Volume Supplies,Garden,72.99,GBP,
VS-00265,Rubber garden hose 15 m 265,Volume Supplies,Garden,73.99,GBP,"A made-up garden hose for ACME's volume test, number 265."
VS-00266,Kettle 1.7 L 266,Volume Supplies,Kitchen,74.99,GBP,"A made-up kettle for ACME's volume test, number 266."
VS-00267,Ceramic mixing bowl 267,Volume Supplies,Kitchen,75.99,GBP,
VS-00268,Saucepan 18 cm 268,Volume Supplies,Kitchen,76.99,GBP,"A made-up saucepan for ACME's volume test, number 268."
VS-00269,Brass desk lamp 269,Volume Supplies,Lighting,77.99,GBP,"A made-up desk lamp for ACME's volume test, number 269."
VS-00270,S/S hand trowel 270,Volume Supplies,Lighting,78.99,GBP,
VS-00271,Hand trowel 271,Volume Supplies,Garden,79.99,GBP,"A made-up trowel for ACME's volume test, number 271."
VS-00272,Rubber garden hose 15 m 272,Volume Supplies,Garden,80.99,GBP,"A made-up garden hose for ACME's volume test, number 272."
VS-00273,Kettle 1.7 L 273,Volume Supplies,Kitchen,81.99,GBP,
VS-00274,Ceramic mixing bowl 274,Volume Supplies,Kitchen,82.99,GBP,"A made-up mixing bowl for ACME's volume test, number 274."
VS-00275,Saucepan 18 cm 275,Volume Supplies,Kitchen,83.99,GBP,"A made-up saucepan for ACME's volume test, number 275."
VS-00276,Brass desk lamp 276,Volume Supplies,Lighting,84.99,GBP,
VS-00277,LED strip light 2 m 277,Volume Supplies,Lighting,85.99,GBP,"A made-up strip light for ACME's volume test, number 277."
VS-00278,Hand trowel 278,Volume Supplies,Garden,86.99,GBP,"A made-up trowel for ACME's volume test, number 278."
VS-00279,Rubber garden hose 15 m 279,Volume Supplies,Garden,87.99,GBP,
VS-00280,S/S kettle 280,Volume Supplies,Kitchen,88.99,GBP,"A made-up kettle for ACME's volume test, number 280."
VS-00281,Ceramic mixing bowl 281,Volume Supplies,Kitchen,89.99,GBP,"A made-up mixing bowl for ACME's volume test, number 281."
VS-00282,Saucepan 18 cm 282,Volume Supplies,Kitchen,90.99,GBP,
VS-00283,Brass desk lamp 283,Volume Supplies,Lighting,91.99,GBP,"A made-up desk lamp for ACME's volume test, number 283."
VS-00284,LED strip light 2 m 284,Volume Supplies,Lighting,92.99,GBP,"A made-up strip light for ACME's volume test, number 284."
VS-00285,Hand trowel 285,Volume Supplies,Garden,93.99,GBP,
VS-00286,Rubber garden hose 15 m 286,Volume Supplies,Garden,94.99,GBP,"A made-up garden hose for ACME's volume test, number 286."
VS-00287,Kettle 1.7 L 287,Volume Supplies,Kitchen,95.99,GBP,"A made-up kettle for ACME's volume test, number 287."
VS-00288,Ceramic mixing bowl 288,Volume Supplies,Kitchen,96.99,GBP,
VS-00289,Saucepan 18 cm 289,Volume Supplies,Kitchen,97.99,GBP,"A made-up saucepan for ACME's volume test, number 289."
VS-00290,S/S hand trowel 290,Volume Supplies,Lighting,98.99,GBP,"A made-up hand trowel for ACME's volume test, number 290."
VS-00291,LED strip light 2 m 291,Volume Supplies,Lighting,2.99,GBP,
VS-00292,Hand trowel 292,Volume Supplies,Garden,3.99,GBP,"A made-up trowel for ACME's volume test, number 292."
VS-00293,Rubber garden hose 15 m 293,Volume Supplies,Garden,4.99,GBP,"A made-up garden hose for ACME's volume test, number 293."
VS-00294,Kettle 1.7 L 294,Volume Supplies,Kitchen,5.99,GBP,
VS-00295,Ceramic mixing bowl 295,Volume Supplies,Kitchen,6.99,GBP,"A made-up mixing bowl for ACME's volume test, number 295."
VS-00296,Saucepan 18 cm 296,Volume Supplies,Kitchen,7.99,GBP,"A made-up saucepan for ACME's volume test, number 296."
VS-00297,Brass desk lamp 297,Volume Supplies,Lighting,8.99,GBP,
VS-00298,LED strip light 2 m 298,Volume Supplies,Lighting,9.99,GBP,"A made-up strip light for ACME's volume test, number 298."
VS-00299,Hand trowel 299,Volume Supplies,Garden,10.99,GBP,"A made-up trowel for ACME's volume test, number 299."
VS-00300,S/S kettle 300,Volume Supplies,Garden,11.99,GBP,
VS-00301,Kettle 1.7 L 301,Volume Supplies,Kitchen,12.99,GBP,"A made-up kettle for ACME's volume test, number 301."
VS-00302,Ceramic mixing bowl 302,Volume Supplies,Kitchen,13.99,GBP,"A made-up mixing bowl for ACME's volume test, number 302."
VS-00303,Saucepan 18 cm 303,Volume Supplies,Kitchen,14.99,GBP,
VS-00304,Brass desk lamp 304,Volume Supplies,Lighting,15.99,GBP,"A made-up desk lamp for ACME's volume test, number 304."
VS-00305,LED strip light 2 m 305,Volume Supplies,Lighting,16.99,GBP,"A made-up strip light for ACME's volume test, number 305."
VS-00306,Hand trowel 306,Volume Supplies,Garden,17.99,GBP,
VS-00307,Rubber garden hose 15 m 307,Volume Supplies,Garden,18.99,GBP,"A made-up garden hose for ACME's volume test, number 307."
VS-00308,Kettle 1.7 L 308,Volume Supplies,Kitchen,19.99,GBP,"A made-up kettle for ACME's volume test, number 308."
VS-00309,Ceramic mixing bowl 309,Volume Supplies,Kitchen,20.99,GBP,
VS-00310,S/S hand trowel 310,Volume Supplies,Kitchen,21.99,GBP,"A made-up hand trowel for ACME's volume test, number 310."
VS-00311,Brass desk lamp 311,Volume Supplies,Lighting,22.99,GBP,"A made-up desk lamp for ACME's volume test, number 311."
VS-00312,LED strip light 2 m 312,Volume Supplies,Lighting,23.99,GBP,
VS-00313,Hand trowel 313,Volume Supplies,Garden,24.99,GBP,"A made-up trowel for ACME's volume test, number 313."
VS-00314,Rubber garden hose 15 m 314,Volume Supplies,Garden,25.99,GBP,"A made-up garden hose for ACME's volume test, number 314."
VS-00315,Kettle 1.7 L 315,Volume Supplies,Kitchen,26.99,GBP,
VS-00316,Ceramic mixing bowl 316,Volume Supplies,Kitchen,27.99,GBP,"A made-up mixing bowl for ACME's volume test, number 316."
VS-00317,Saucepan 18 cm 317,Volume Supplies,Kitchen,28.99,GBP,"A made-up saucepan for ACME's volume test, number 317."
VS-00318,Brass desk lamp 318,Volume Supplies,Lighting,29.99,GBP,
VS-00319,LED strip light 2 m 319,Volume Supplies,Lighting,30.99,GBP,"A made-up strip light for ACME's volume test, number 319."
VS-00320,S/S kettle 320,Volume Supplies,Garden,31.99,GBP,"A made-up kettle for ACME's volume test, number 320."
VS-00321,Rubber garden hose 15 m 321,Volume Supplies,Garden,32.99,GBP,
VS-00322,Kettle 1.7 L 322,Volume Supplies,Kitchen,33.99,GBP,"A made-up kettle for ACME's volume test, number 322."
VS-00323,Ceramic mixing bowl 323,Volume Supplies,Kitchen,34.99,GBP,"A made-up mixing bowl for ACME's volume test, number 323."
VS-00324,Saucepan 18 cm 324,Volume Supplies,Kitchen,35.99,GBP,
VS-00325,Brass desk lamp 325,Volume Supplies,Lighting,36.99,GBP,"A made-up desk lamp for ACME's volume test, number 325."
VS-00326,LED strip light 2 m 326,Volume Supplies,Lighting,37.99,GBP,"A made-up strip light for ACME's volume test, number 326."
VS-00327,Hand trowel 327,Volume Supplies,Garden,38.99,GBP,
VS-00328,Rubber garden hose 15 m 328,Volume Supplies,Garden,39.99,GBP,"A made-up garden hose for ACME's volume test, number 328."
VS-00329,Kettle 1.7 L 329,Volume Supplies,Kitchen,40.99,GBP,"A made-up kettle for ACME's volume test, number 329."
VS-00330,S/S hand trowel 330,Volume Supplies,Kitchen,41.99,GBP,
VS-00331,Saucepan 18 cm 331,Volume Supplies,Kitchen,42.99,GBP,"A made-up saucepan for ACME's volume test, number 331."
VS-00332,Brass desk lamp 332,Volume Supplies,Lighting,43.99,GBP,"A made-up desk lamp for ACME's volume test, number 332."
VS-00333,LED strip light 2 m 333,Volume Supplies,Lighting,44.99,GBP,
VS-00334,Hand trowel 334,Volume Supplies,Garden,45.99,GBP,"A made-up trowel for ACME's volume test, number 334."
VS-00335,Rubber garden hose 15 m 335,Volume Supplies,Garden,46.99,GBP,"A made-up garden hose for ACME's volume test, number 335."
VS-00336,Kettle 1.7 L 336,Volume Supplies,Kitchen,47.99,GBP,
VS-00337,Ceramic mixing bowl 337,Volume Supplies,Kitchen,48.99,GBP,"A made-up mixing bowl for ACME's volume test, number 337."
VS-00338,Saucepan 18 cm 338,Volume Supplies,Kitchen,49.99,GBP,"A made-up saucepan for ACME's volume test, number 338."
VS-00339,Brass desk lamp 339,Volume Supplies,Lighting,50.99,GBP,
VS-00340,S/S kettle 340,Volume Supplies,Lighting,51.99,GBP,"A made-up kettle for ACME's volume test, number 340."
VS-00341,Hand trowel 341,Volume Supplies,Garden,52.99,GBP,"A made-up trowel for ACME's volume test, number 341."
VS-00342,Rubber garden hose 15 m 342,Volume Supplies,Garden,53.99,GBP,
VS-00343,Kettle 1.7 L 343,Volume Supplies,Kitchen,54.99,GBP,"A made-up kettle for ACME's volume test, number 343."
VS-00344,Ceramic mixing bowl 344,Volume Supplies,Kitchen,55.99,GBP,"A made-up mixing bowl for ACME's volume test, number 344."
VS-00345,Saucepan 18 cm 345,Volume Supplies,Kitchen,56.99,GBP,
VS-00346,Brass desk lamp 346,Volume Supplies,Lighting,57.99,GBP,"A made-up desk lamp for ACME's volume test, number 346."
VS-00347,LED strip light 2 m 347,Volume Supplies,Lighting,58.99,GBP,"A made-up strip light for ACME's volume test, number 347."
VS-00348,Hand trowel 348,Volume Supplies,Garden,59.99,GBP,
VS-00349,Rubber garden hose 15 m 349,Volume Supplies,Garden,60.99,GBP,"A made-up garden hose for ACME's volume test, number 349."
VS-00350,S/S hand trowel 350,Volume Supplies,Kitchen,61.99,GBP,"A made-up hand trowel for ACME's volume test, number 350."
VS-00351,Ceramic mixing bowl 351,Volume Supplies,Kitchen,62.99,GBP,
VS-00352,Saucepan 18 cm 352,Volume Supplies,Kitchen,63.99,GBP,"A made-up saucepan for ACME's volume test, number 352."
VS-00353,Brass desk lamp 353,Volume Supplies,Lighting,64.99,GBP,"A made-up desk lamp for ACME's volume test, number 353."
VS-00354,LED strip light 2 m 354,Volume Supplies,Lighting,65.99,GBP,
VS-00355,Hand trowel 355,Volume Supplies,Garden,66.99,GBP,"A made-up trowel for ACME's volume test, number 355."
VS-00356,Rubber garden hose 15 m 356,Volume Supplies,Garden,67.99,GBP,"A made-up garden hose for ACME's volume test, number 356."
VS-00357,Kettle 1.7 L 357,Volume Supplies,Kitchen,68.99,GBP,
VS-00358,Ceramic mixing bowl 358,Volume Supplies,Kitchen,69.99,GBP,"A made-up mixing bowl for ACME's volume test, number 358."
VS-00359,Saucepan 18 cm 359,Volume Supplies,Kitchen,70.99,GBP,"A made-up saucepan for ACME's volume test, number 359."
VS-00360,S/S kettle 360,Volume Supplies,Lighting,71.99,GBP,
VS-00361,LED strip light 2 m 361,Volume Supplies,Lighting,72.99,GBP,"A made-up strip light for ACME's volume test, number 361."
VS-00362,Hand trowel 362,Volume Supplies,Garden,73.99,GBP,"A made-up trowel for ACME's volume test, number 362."
VS-00363,Rubber garden hose 15 m 363,Volume Supplies,Garden,74.99,GBP,
VS-00364,Kettle 1.7 L 364,Volume Supplies,Kitchen,75.99,GBP,"A made-up kettle for ACME's volume test, number 364."
VS-00365,Ceramic mixing bowl 365,Volume Supplies,Kitchen,76.99,GBP,"A made-up mixing bowl for ACME's volume test, number 365."
VS-00366,Saucepan 18 cm 366,Volume Supplies,Kitchen,77.99,GBP,
VS-00367,Brass desk lamp 367,Volume Supplies,Lighting,78.99,GBP,"A made-up desk lamp for ACME's volume test, number 367."
VS-00368,LED strip light 2 m 368,Volume Supplies,Lighting,79.99,GBP,"A made-up strip light for ACME's volume test, number 368."
VS-00369,Hand trowel 369,Volume Supplies,Garden,80.99,GBP,
VS-00370,S/S hand trowel 370,Volume Supplies,Garden,81.99,GBP,"A made-up hand trowel for ACME's volume test, number 370."
VS-00371,Kettle 1.7 L 371,Volume Supplies,Kitchen,82.99,GBP,"A made-up kettle for ACME's volume test, number 371."
VS-00372,Ceramic mixing bowl 372,Volume Supplies,Kitchen,83.99,GBP,
VS-00373,Saucepan 18 cm 373,Volume Supplies,Kitchen,84.99,GBP,"A made-up saucepan for ACME's volume test, number 373."
VS-00374,Brass desk lamp 374,Volume Supplies,Lighting,85.99,GBP,"A made-up desk lamp for ACME's volume test, number 374."
VS-00375,LED strip light 2 m 375,Volume Supplies,Lighting,86.99,GBP,
VS-00376,Hand trowel 376,Volume Supplies,Garden,87.99,GBP,"A made-up trowel for ACME's volume test, number 376."
VS-00377,Rubber garden hose 15 m 377,Volume Supplies,Garden,88.99,GBP,"A made-up garden hose for ACME's volume test, number 377."
VS-00378,Kettle 1.7 L 378,Volume Supplies,Kitchen,89.99,GBP,
VS-00379,Ceramic mixing bowl 379,Volume Supplies,Kitchen,90.99,GBP,"A made-up mixing bowl for ACME's volume test, number 379."
VS-00380,S/S kettle 380,Volume Supplies,Kitchen,91.99,GBP,"A made-up kettle for ACME's volume test, number 380."
VS-00381,Brass desk lamp 381,Volume Supplies,Lighting,92.99,GBP,
VS-00382,LED strip light 2 m 382,Volume Supplies,Lighting,93.99,GBP,"A made-up strip light for ACME's volume test, number 382."
VS-00383,Hand trowel 383,Volume Supplies,Garden,94.99,GBP,"A made-up trowel for ACME's volume test, number 383."
VS-00384,Rubber garden hose 15 m 384,Volume Supplies,Garden,95.99,GBP,
VS-00385,Kettle 1.7 L 385,Volume Supplies,Kitchen,96.99,GBP,"A made-up kettle for ACME's volume test, number 385."
VS-00386,Ceramic mixing bowl 386,Volume Supplies,Kitchen,97.99,GBP,"A made-up mixing bowl for ACME's volume test, number 386."
VS-00387,Saucepan 18 cm 387,Volume Supplies,Kitchen,98.99,GBP,
VS-00388,Brass desk lamp 388,Volume Supplies,Lighting,2.99,GBP,"A made-up desk lamp for ACME's volume test, number 388."
VS-00389,LED strip light 2 m 389,Volume Supplies,Lighting,3.99,GBP,"A made-up strip light for ACME's volume test, number 389."
VS-00390,S/S hand trowel 390,Volume Supplies,Garden,4.99,GBP,
VS-00391,Rubber garden hose 15 m 391,Volume Supplies,Garden,5.99,GBP,"A made-up garden hose for ACME's volume test, number 391."
VS-00392,Kettle 1.7 L 392,Volume Supplies,Kitchen,6.99,GBP,"A made-up kettle for ACME's volume test, number 392."
VS-00393,Ceramic mixing bowl 393,Volume Supplies,Kitchen,7.99,GBP,
VS-00394,Saucepan 18 cm 394,Volume Supplies,Kitchen,8.99,GBP,"A made-up saucepan for ACME's volume test, number 394."
VS-00395,Brass desk lamp 395,Volume Supplies,Lighting,9.99,GBP,"A made-up desk lamp for ACME's volume test, number 395."
VS-00396,LED strip light 2 m 396,Volume Supplies,Lighting,10.99,GBP,
VS-00397,Hand trowel 397,Volume Supplies,Garden,11.99,GBP,"A made-up trowel for ACME's volume test, number 397."
VS-00398,Rubber garden hose 15 m 398,Volume Supplies,Garden,12.99,GBP,"A made-up garden hose for ACME's volume test, number 398."
VS-00399,Kettle 1.7 L 399,Volume Supplies,Kitchen,13.99,GBP,
VS-00400,S/S kettle 400,Volume Supplies,Kitchen,14.99,GBP,"A made-up kettle for ACME's volume test, number 400."
VS-00401,Saucepan 18 cm 401,Volume Supplies,Kitchen,15.99,GBP,"A made-up saucepan for ACME's volume test, number 401."
VS-00402,Brass desk lamp 402,Volume Supplies,Lighting,16.99,GBP,
VS-00403,LED strip light 2 m 403,Volume Supplies,Lighting,17.99,GBP,"A made-up strip light for ACME's volume test, number 403."
VS-00404,Hand trowel 404,Volume Supplies,Garden,18.99,GBP,"A made-up trowel for ACME's volume test, number 404."
VS-00405,Rubber garden hose 15 m 405,Volume Supplies,Garden,19.99,GBP,
VS-00406,Kettle 1.7 L 406,Volume Supplies,Kitchen,20.99,GBP,"A made-up kettle for ACME's volume test, number 406."
VS-00407,Ceramic mixing bowl 407,Volume Supplies,Kitchen,21.99,GBP,"A made-up mixing bowl for ACME's volume test, number 407."
VS-00408,Saucepan 18 cm 408,Volume Supplies,Kitchen,22.99,GBP,
VS-00409,Brass desk lamp 409,Volume Supplies,Lighting,23.99,GBP,"A made-up desk lamp for ACME's volume test, number 409."
VS-00410,S/S hand trowel 410,Volume Supplies,Lighting,24.99,GBP,"A made-up hand trowel for ACME's volume test, number 410."
VS-00411,Hand trowel 411,Volume Supplies,Garden,25.99,GBP,
VS-00412,Rubber garden hose 15 m 412,Volume Supplies,Garden,26.99,GBP,"A made-up garden hose for ACME's volume test, number 412."
VS-00413,Kettle 1.7 L 413,Volume Supplies,Kitchen,27.99,GBP,"A made-up kettle for ACME's volume test, number 413."
VS-00414,Ceramic mixing bowl 414,Volume Supplies,Kitchen,28.99,GBP,
VS-00415,Saucepan 18 cm 415,Volume Supplies,Kitchen,29.99,GBP,"A made-up saucepan for ACME's volume test, number 415."
VS-00416,Brass desk lamp 416,Volume Supplies,Lighting,30.99,GBP,"A made-up desk lamp for ACME's volume test, number 416."
VS-00417,LED strip light 2 m 417,Volume Supplies,Lighting,31.99,GBP,
VS-00418,Hand trowel 418,Volume Supplies,Garden,32.99,GBP,"A made-up trowel for ACME's volume test, number 418."
VS-00419,Rubber garden hose 15 m 419,Volume Supplies,Garden,33.99,GBP,"A made-up garden hose for ACME's volume test, number 419."
VS-00420,S/S kettle 420,Volume Supplies,Kitchen,34.99,GBP,
VS-00421,Ceramic mixing bowl 421,Volume Supplies,Kitchen,35.99,GBP,"A made-up mixing bowl for ACME's volume test, number 421."
VS-00422,Saucepan 18 cm 422,Volume Supplies,Kitchen,36.99,GBP,"A made-up saucepan for ACME's volume test, number 422."
VS-00423,Brass desk lamp 423,Volume Supplies,Lighting,37.99,GBP,
VS-00424,LED strip light 2 m 424,Volume Supplies,Lighting,38.99,GBP,"A made-up strip light for ACME's volume test, number 424."
VS-00425,Hand trowel 425,Volume Supplies,Garden,39.99,GBP,"A made-up trowel for ACME's volume test, number 425."
VS-00426,Rubber garden hose 15 m 426,Volume Supplies,Garden,40.99,GBP,
VS-00427,Kettle 1.7 L 427,Volume Supplies,Kitchen,41.99,GBP,"A made-up kettle for ACME's volume test, number 427."
VS-00428,Ceramic mixing bowl 428,Volume Supplies,Kitchen,42.99,GBP,"A made-up mixing bowl for ACME's volume test, number 428."
VS-00429,Saucepan 18 cm 429,Volume Supplies,Kitchen,43.99,GBP,
VS-00430,S/S hand trowel 430,Volume Supplies,Lighting,44.99,GBP,"A made-up hand trowel for ACME's volume test, number 430."
VS-00431,LED strip light 2 m 431,Volume Supplies,Lighting,45.99,GBP,"A made-up strip light for ACME's volume test, number 431."
VS-00432,Hand trowel 432,Volume Supplies,Garden,46.99,GBP,
VS-00433,Rubber garden hose 15 m 433,Volume Supplies,Garden,47.99,GBP,"A made-up garden hose for ACME's volume test, number 433."
VS-00434,Kettle 1.7 L 434,Volume Supplies,Kitchen,48.99,GBP,"A made-up kettle for ACME's volume test, number 434."
VS-00435,Ceramic mixing bowl 435,Volume Supplies,Kitchen,49.99,GBP,
VS-00436,Saucepan 18 cm 436,Volume Supplies,Kitchen,50.99,GBP,"A made-up saucepan for ACME's volume test, number 436."
VS-00437,Brass desk lamp 437,Volume Supplies,Lighting,51.99,GBP,"A made-up desk lamp for ACME's volume test, number 437."
VS-00438,LED strip light 2 m 438,Volume Supplies,Lighting,52.99,GBP,
VS-00439,Hand trowel 439,Volume Supplies,Garden,53.99,GBP,"A made-up trowel for ACME's volume test, number 439."
VS-00440,S/S kettle 440,Volume Supplies,Garden,54.99,GBP,"A made-up kettle for ACME's volume test, number 440."
VS-00441,Kettle 1.7 L 441,Volume Supplies,Kitchen,55.99,GBP,
VS-00442,Ceramic mixing bowl 442,Volume Supplies,Kitchen,56.99,GBP,"A made-up mixing bowl for ACME's volume test, number 442."
VS-00443,Saucepan 18 cm 443,Volume Supplies,Kitchen,57.99,GBP,"A made-up saucepan for ACME's volume test, number 443."
VS-00444,Brass desk lamp 444,Volume Supplies,Lighting,58.99,GBP,
VS-00445,LED strip light 2 m 445,Volume Supplies,Lighting,59.99,GBP,"A made-up strip light for ACME's volume test, number 445."
VS-00446,Hand trowel 446,Volume Supplies,Garden,60.99,GBP,"A made-up trowel for ACME's volume test, number 446."
VS-00447,Rubber garden hose 15 m 447,Volume Supplies,Garden,61.99,GBP,
VS-00448,Kettle 1.7 L 448,Volume Supplies,Kitchen,62.99,GBP,"A made-up kettle for ACME's volume test, number 448."
VS-00449,Ceramic mixing bowl 449,Volume Supplies,Kitchen,63.99,GBP,"A made-up mixing bowl for ACME's volume test, number 449."
VS-00450,S/S hand trowel 450,Volume Supplies,Kitchen,64.99,GBP,
VS-00451,Brass desk lamp 451,Volume Supplies,Lighting,65.99,GBP,"A made-up desk lamp for ACME's volume test, number 451."
VS-00452,LED strip light 2 m 452,Volume Supplies,Lighting,66.99,GBP,"A made-up strip light for ACME's volume test, number 452."
VS-00453,Hand trowel 453,Volume Supplies,Garden,67.99,GBP,
VS-00454,Rubber garden hose 15 m 454,Volume Supplies,Garden,68.99,GBP,"A made-up garden hose for ACME's volume test, number 454."
VS-00455,Kettle 1.7 L 455,Volume Supplies,Kitchen,69.99,GBP,"A made-up kettle for ACME's volume test, number 455."
VS-00456,Ceramic mixing bowl 456,Volume Supplies,Kitchen,70.99,GBP,
VS-00457,Saucepan 18 cm 457,Volume Supplies,Kitchen,71.99,GBP,"A made-up saucepan for ACME's volume test, number 457."
VS-00458,Brass desk lamp 458,Volume Supplies,Lighting,72.99,GBP,"A made-up desk lamp for ACME's volume test, number 458."
VS-00459,LED strip light 2 m 459,Volume Supplies,Lighting,73.99,GBP,
VS-00460,S/S kettle 460,Volume Supplies,Garden,74.99,GBP,"A made-up kettle for ACME's volume test, number 460."
VS-00461,Rubber garden hose 15 m 461,Volume Supplies,Garden,75.99,GBP,"A made-up garden hose for ACME's volume test, number 461."
VS-00462,Kettle 1.7 L 462,Volume Supplies,Kitchen,76.99,GBP,
VS-00463,Ceramic mixing bowl 463,Volume Supplies,Kitchen,77.99,GBP,"A made-up mixing bowl for ACME's volume test, number 463."
VS-00464,Saucepan 18 cm 464,Volume Supplies,Kitchen,78.99,GBP,"A made-up saucepan for ACME's volume test, number 464."
VS-00465,Brass desk lamp 465,Volume Supplies,Lighting,79.99,GBP,
VS-00466,LED strip light 2 m 466,Volume Supplies,Lighting,80.99,GBP,"A made-up strip light for ACME's volume test, number 466."
VS-00467,Hand trowel 467,Volume Supplies,Garden,81.99,GBP,"A made-up trowel for ACME's volume test, number 467."
VS-00468,Rubber garden hose 15 m 468,Volume Supplies,Garden,82.99,GBP,
VS-00469,Kettle 1.7 L 469,Volume Supplies,Kitchen,83.99,GBP,"A made-up kettle for ACME's volume test, number 469."
VS-00470,S/S hand trowel 470,Volume Supplies,Kitchen,84.99,GBP,"A made-up hand trowel for ACME's volume test, number 470."
VS-00471,Saucepan 18 cm 471,Volume Supplies,Kitchen,85.99,GBP,
VS-00472,Brass desk lamp 472,Volume Supplies,Lighting,86.99,GBP,"A made-up desk lamp for ACME's volume test, number 472."
VS-00473,LED strip light 2 m 473,Volume Supplies,Lighting,87.99,GBP,"A made-up strip light for ACME's volume test, number 473."
VS-00474,Hand trowel 474,Volume Supplies,Garden,88.99,GBP,
VS-00475,Rubber garden hose 15 m 475,Volume Supplies,Garden,89.99,GBP,"A made-up garden hose for ACME's volume test, number 475."
VS-00476,Kettle 1.7 L 476,Volume Supplies,Kitchen,90.99,GBP,"A made-up kettle for ACME's volume test, number 476."
VS-00477,Ceramic mixing bowl 477,Volume Supplies,Kitchen,91.99,GBP,
VS-00478,Saucepan 18 cm 478,Volume Supplies,Kitchen,92.99,GBP,"A made-up saucepan for ACME's volume test, number 478."
VS-00479,Brass desk lamp 479,Volume Supplies,Lighting,93.99,GBP,"A made-up desk lamp for ACME's volume test, number 479."
VS-00480,S/S kettle 480,Volume Supplies,Lighting,94.99,GBP,
VS-00481,Hand trowel 481,Volume Supplies,Garden,95.99,GBP,"A made-up trowel for ACME's volume test, number 481."
VS-00482,Rubber garden hose 15 m 482,Volume Supplies,Garden,96.99,GBP,"A made-up garden hose for ACME's volume test, number 482."
VS-00483,Kettle 1.7 L 483,Volume Supplies,Kitchen,97.99,GBP,
VS-00484,Ceramic mixing bowl 484,Volume Supplies,Kitchen,98.99,GBP,"A made-up mixing bowl for ACME's volume test, number 484."
VS-00485,Saucepan 18 cm 485,Volume Supplies,Kitchen,2.99,GBP,"A made-up saucepan for ACME's volume test, number 485."
VS-00486,Brass desk lamp 486,Volume Supplies,Lighting,3.99,GBP,
VS-00487,LED strip light 2 m 487,Volume Supplies,Lighting,4.99,GBP,"A made-up strip light for ACME's volume test, number 487."
VS-00488,Hand trowel 488,Volume Supplies,Garden,5.99,GBP,"A made-up trowel for ACME's volume test, number 488."
VS-00489,Rubber garden hose 15 m 489,Volume Supplies,Garden,6.99,GBP,
VS-00490,S/S hand trowel 490,Volume Supplies,Kitchen,7.99,GBP,"A made-up hand trowel for ACME's volume test, number 490."
VS-00491,Ceramic mixing bowl 491,Volume Supplies,Kitchen,8.99,GBP,"A made-up mixing bowl for ACME's volume test, number 491."
VS-00492,Saucepan 18 cm 492,Volume Supplies,Kitchen,9.99,GBP,
VS-00493,Brass desk lamp 493,Volume Supplies,Lighting,10.99,GBP,"A made-up desk lamp for ACME's volume test, number 493."
VS-00494,LED strip light 2 m 494,Volume Supplies,Lighting,11.99,GBP,"A made-up strip light for ACME's volume test, number 494."
VS-00495,Hand trowel 495,Volume Supplies,Garden,12.99,GBP,
VS-00496,Rubber garden hose 15 m 496,Volume Supplies,Garden,13.99,GBP,"A made-up garden hose for ACME's volume test, number 496."
VS-00497,Kettle 1.7 L 497,Volume Supplies,Kitchen,14.99,GBP,"A made-up kettle for ACME's volume test, number 497."
VS-00498,Ceramic mixing bowl 498,Volume Supplies,Kitchen,15.99,GBP,
VS-00499,Saucepan 18 cm 499,Volume Supplies,Kitchen,16.99,GBP,"A made-up saucepan for ACME's volume test, number 499."
VS-00500,S/S kettle 500,Volume Supplies,Lighting,17.99,GBP,"A made-up kettle for ACME's volume test, number 500."
VS-00501,LED strip light 2 m 501,Volume Supplies,Lighting,18.99,GBP,
VS-00502,Hand trowel 502,Volume Supplies,Garden,19.99,GBP,"A made-up trowel for ACME's volume test, number 502."
VS-00503,Rubber garden hose 15 m 503,Volume Supplies,Garden,20.99,GBP,"A made-up garden hose for ACME's volume test, number 503."
VS-00504,Kettle 1.7 L 504,Volume Supplies,Kitchen,21.99,GBP,
VS-00505,Ceramic mixing bowl 505,Volume Supplies,Kitchen,22.99,GBP,"A made-up mixing bowl for ACME's volume test, number 505."
VS-00506,Saucepan 18 cm 506,Volume Supplies,Kitchen,23.99,GBP,"A made-up saucepan for ACME's volume test, number 506."
VS-00507,Brass desk lamp 507,Volume Supplies,Lighting,24.99,GBP,
VS-00508,LED strip light 2 m 508,Volume Supplies,Lighting,25.99,GBP,"A made-up strip light for ACME's volume test, number 508."
VS-00509,Hand trowel 509,Volume Supplies,Garden,26.99,GBP,"A made-up trowel for ACME's volume test, number 509."
VS-00510,S/S hand trowel 510,Volume Supplies,Garden,27.99,GBP,
VS-00511,Kettle 1.7 L 511,Volume Supplies,Kitchen,28.99,GBP,"A made-up kettle for ACME's volume test, number 511."
VS-00512,Ceramic mixing bowl 512,Volume Supplies,Kitchen,29.99,GBP,"A made-up mixing bowl for ACME's volume test, number 512."
VS-00513,Saucepan 18 cm 513,Volume Supplies,Kitchen,30.99,GBP,
VS-00514,Brass desk lamp 514,Volume Supplies,Lighting,31.99,GBP,"A made-up desk lamp for ACME's volume test, number 514."
VS-00515,LED strip light 2 m 515,Volume Supplies,Lighting,32.99,GBP,"A made-up strip light for ACME's volume test, number 515."
VS-00516,Hand trowel 516,Volume Supplies,Garden,33.99,GBP,
VS-00517,Rubber garden hose 15 m 517,Volume Supplies,Garden,34.99,GBP,"A made-up garden hose for ACME's volume test, number 517."
VS-00518,Kettle 1.7 L 518,Volume Supplies,Kitchen,35.99,GBP,"A made-up kettle for ACME's volume test, number 518."
VS-00519,Ceramic mixing bowl 519,Volume Supplies,Kitchen,36.99,GBP,
VS-00520,S/S kettle 520,Volume Supplies,Kitchen,37.99,GBP,"A made-up kettle for ACME's volume test, number 520."
VS-00521,Brass desk lamp 521,Volume Supplies,Lighting,38.99,GBP,"A made-up desk lamp for ACME's volume test, number 521."
VS-00522,LED strip light 2 m 522,Volume Supplies,Lighting,39.99,GBP,
VS-00523,Hand trowel 523,Volume Supplies,Garden,40.99,GBP,"A made-up trowel for ACME's volume test, number 523."
VS-00524,Rubber garden hose 15 m 524,Volume Supplies,Garden,41.99,GBP,"A made-up garden hose for ACME's volume test, number 524."
VS-00525,Kettle 1.7 L 525,Volume Supplies,Kitchen,42.99,GBP,
VS-00526,Ceramic mixing bowl 526,Volume Supplies,Kitchen,43.99,GBP,"A made-up mixing bowl for ACME's volume test, number 526."
VS-00527,Saucepan 18 cm 527,Volume Supplies,Kitchen,44.99,GBP,"A made-up saucepan for ACME's volume test, number 527."
VS-00528,Brass desk lamp 528,Volume Supplies,Lighting,45.99,GBP,
VS-00529,LED strip light 2 m 529,Volume Supplies,Lighting,46.99,GBP,"A made-up strip light for ACME's volume test, number 529."
VS-00530,S/S hand trowel 530,Volume Supplies,Garden,47.99,GBP,"A made-up hand trowel for ACME's volume test, number 530."
VS-00531,Rubber garden hose 15 m 531,Volume Supplies,Garden,48.99,GBP,
VS-00532,Kettle 1.7 L 532,Volume Supplies,Kitchen,49.99,GBP,"A made-up kettle for ACME's volume test, number 532."
VS-00533,Ceramic mixing bowl 533,Volume Supplies,Kitchen,50.99,GBP,"A made-up mixing bowl for ACME's volume test, number 533."
VS-00534,Saucepan 18 cm 534,Volume Supplies,Kitchen,51.99,GBP,
VS-00535,Brass desk lamp 535,Volume Supplies,Lighting,52.99,GBP,"A made-up desk lamp for ACME's volume test, number 535."
VS-00536,LED strip light 2 m 536,Volume Supplies,Lighting,53.99,GBP,"A made-up strip light for ACME's volume test, number 536."
VS-00537,Hand trowel 537,Volume Supplies,Garden,54.99,GBP,
VS-00538,Rubber garden hose 15 m 538,Volume Supplies,Garden,55.99,GBP,"A made-up garden hose for ACME's volume test, number 538."
VS-00539,Kettle 1.7 L 539,Volume Supplies,Kitchen,56.99,GBP,"A made-up kettle for ACME's volume test, number 539."
VS-00540,S/S kettle 540,Volume Supplies,Kitchen,57.99,GBP,
VS-00541,Saucepan 18 cm 541,Volume Supplies,Kitchen,58.99,GBP,"A made-up saucepan for ACME's volume test, number 541."
VS-00542,Brass desk lamp 542,Volume Supplies,Lighting,59.99,GBP,"A made-up desk lamp for ACME's volume test, number 542."
VS-00543,LED strip light 2 m 543,Volume Supplies,Lighting,60.99,GBP,
VS-00544,Hand trowel 544,Volume Supplies,Garden,61.99,GBP,"A made-up trowel for ACME's volume test, number 544."
VS-00545,Rubber garden hose 15 m 545,Volume Supplies,Garden,62.99,GBP,"A made-up garden hose for ACME's volume test, number 545."
VS-00546,Kettle 1.7 L 546,Volume Supplies,Kitchen,63.99,GBP,
VS-00547,Ceramic mixing bowl 547,Volume Supplies,Kitchen,64.99,GBP,"A made-up mixing bowl for ACME's volume test, number 547."
VS-00548,Saucepan 18 cm 548,Volume Supplies,Kitchen,65.99,GBP,"A made-up saucepan for ACME's volume test, number 548."
VS-00549,Brass desk lamp 549,Volume Supplies,Lighting,66.99,GBP,
VS-00550,S/S hand trowel 550,Volume Supplies,Lighting,67.99,GBP,"A made-up hand trowel for ACME's volume test, number 550."
VS-00551,Hand trowel 551,Volume Supplies,Garden,68.99,GBP,"A made-up trowel for ACME's volume test, number 551."
VS-00552,Rubber garden hose 15 m 552,Volume Supplies,Garden,69.99,GBP,
VS-00553,Kettle 1.7 L 553,Volume Supplies,Kitchen,70.99,GBP,"A made-up kettle for ACME's volume test, number 553."
VS-00554,Ceramic mixing bowl 554,Volume Supplies,Kitchen,71.99,GBP,"A made-up mixing bowl for ACME's volume test, number 554."
VS-00555,Saucepan 18 cm 555,Volume Supplies,Kitchen,72.99,GBP,
VS-00556,Brass desk lamp 556,Volume Supplies,Lighting,73.99,GBP,"A made-up desk lamp for ACME's volume test, number 556."
VS-00557,LED strip light 2 m 557,Volume Supplies,Lighting,74.99,GBP,"A made-up strip light for ACME's volume test, number 557."
VS-00558,Hand trowel 558,Volume Supplies,Garden,75.99,GBP,
VS-00559,Rubber garden hose 15 m 559,Volume Supplies,Garden,76.99,GBP,"A made-up garden hose for ACME's volume test, number 559."
VS-00560,S/S kettle 560,Volume Supplies,Kitchen,77.99,GBP,"A made-up kettle for ACME's volume test, number 560."
VS-00561,Ceramic mixing bowl 561,Volume Supplies,Kitchen,78.99,GBP,
VS-00562,Saucepan 18 cm 562,Volume Supplies,Kitchen,79.99,GBP,"A made-up saucepan for ACME's volume test, number 562."
VS-00563,Brass desk lamp 563,Volume Supplies,Lighting,80.99,GBP,"A made-up desk lamp for ACME's volume test, number 563."
VS-00564,LED strip light 2 m 564,Volume Supplies,Lighting,81.99,GBP,
VS-00565,Hand trowel 565,Volume Supplies,Garden,82.99,GBP,"A made-up trowel for ACME's volume test, number 565."
VS-00566,Rubber garden hose 15 m 566,Volume Supplies,Garden,83.99,GBP,"A made-up garden hose for ACME's volume test, number 566."
VS-00567,Kettle 1.7 L 567,Volume Supplies,Kitchen,84.99,GBP,
VS-00568,Ceramic mixing bowl 568,Volume Supplies,Kitchen,85.99,GBP,"A made-up mixing bowl for ACME's volume test, number 568."
VS-00569,Saucepan 18 cm 569,Volume Supplies,Kitchen,86.99,GBP,"A made-up saucepan for ACME's volume test, number 569."
VS-00570,S/S hand trowel 570,Volume Supplies,Lighting,87.99,GBP,
VS-00571,LED strip light 2 m 571,Volume Supplies,Lighting,88.99,GBP,"A made-up strip light for ACME's volume test, number 571."
VS-00572,Hand trowel 572,Volume Supplies,Garden,89.99,GBP,"A made-up trowel for ACME's volume test, number 572."
VS-00573,Rubber garden hose 15 m 573,Volume Supplies,Garden,90.99,GBP,
VS-00574,Kettle 1.7 L 574,Volume Supplies,Kitchen,91.99,GBP,"A made-up kettle for ACME's volume test, number 574."
VS-00575,Ceramic mixing bowl 575,Volume Supplies,Kitchen,92.99,GBP,"A made-up mixing bowl for ACME's volume test, number 575."
VS-00576,Saucepan 18 cm 576,Volume Supplies,Kitchen,93.99,GBP,
VS-00577,Brass desk lamp 577,Volume Supplies,Lighting,94.99,GBP,"A made-up desk lamp for ACME's volume test, number 577."
VS-00578,LED strip light 2 m 578,Volume Supplies,Lighting,95.99,GBP,"A made-up strip light for ACME's volume test, number 578."
VS-00579,Hand trowel 579,Volume Supplies,Garden,96.99,GBP,
VS-00580,S/S kettle 580,Volume Supplies,Garden,97.99,GBP,"A made-up kettle for ACME's volume test, number 580."
VS-00581,Kettle 1.7 L 581,Volume Supplies,Kitchen,98.99,GBP,"A made-up kettle for ACME's volume test, number 581."
VS-00582,Ceramic mixing bowl 582,Volume Supplies,Kitchen,2.99,GBP,
VS-00583,Saucepan 18 cm 583,Volume Supplies,Kitchen,3.99,GBP,"A made-up saucepan for ACME's volume test, number 583."
VS-00584,Brass desk lamp 584,Volume Supplies,Lighting,4.99,GBP,"A made-up desk lamp for ACME's volume test, number 584."
VS-00585,LED strip light 2 m 585,Volume Supplies,Lighting,5.99,GBP,
VS-00586,Hand trowel 586,Volume Supplies,Garden,6.99,GBP,"A made-up trowel for ACME's volume test, number 586."
VS-00587,Rubber garden hose 15 m 587,Volume Supplies,Garden,7.99,GBP,"A made-up garden hose for ACME's volume test, number 587."
VS-00588,Kettle 1.7 L 588,Volume Supplies,Kitchen,8.99,GBP,
VS-00589,Ceramic mixing bowl 589,Volume Supplies,Kitchen,9.99,GBP,"A made-up mixing bowl for ACME's volume test, number 589."
VS-00590,S/S hand trowel 590,Volume Supplies,Kitchen,10.99,GBP,"A made-up hand trowel for ACME's volume test, number 590."
VS-00591,Brass desk lamp 591,Volume Supplies,Lighting,11.99,GBP,
VS-00592,LED strip light 2 m 592,Volume Supplies,Lighting,12.99,GBP,"A made-up strip light for ACME's volume test, number 592."
VS-00593,Hand trowel 593,Volume Supplies,Garden,13.99,GBP,"A made-up trowel for ACME's volume test, number 593."
VS-00594,Rubber garden hose 15 m 594,Volume Supplies,Garden,14.99,GBP,
VS-00595,Kettle 1.7 L 595,Volume Supplies,Kitchen,15.99,GBP,"A made-up kettle for ACME's volume test, number 595."
VS-00596,Ceramic mixing bowl 596,Volume Supplies,Kitchen,16.99,GBP,"A made-up mixing bowl for ACME's volume test, number 596."
VS-00597,Saucepan 18 cm 597,Volume Supplies,Kitchen,17.99,GBP,
VS-00598,Brass desk lamp 598,Volume Supplies,Lighting,18.99,GBP,"A made-up desk lamp for ACME's volume test, number 598."
VS-00599,LED strip light 2 m 599,Volume Supplies,Lighting,19.99,GBP,"A made-up strip light for ACME's volume test, number 599."
VS-00600,S/S kettle 600,Volume Supplies,Garden,20.99,GBP,
VS-00601,Rubber garden hose 15 m 601,Volume Supplies,Garden,21.99,GBP,"A made-up garden hose for ACME's volume test, number 601."
VS-00602,Kettle 1.7 L 602,Volume Supplies,Kitchen,22.99,GBP,"A made-up kettle for ACME's volume test, number 602."
VS-00603,Ceramic mixing bowl 603,Volume Supplies,Kitchen,23.99,GBP,
VS-00604,Saucepan 18 cm 604,Volume Supplies,Kitchen,24.99,GBP,"A made-up saucepan for ACME's volume test, number 604."
VS-00605,Brass desk lamp 605,Volume Supplies,Lighting,25.99,GBP,"A made-up desk lamp for ACME's volume test, number 605."
VS-00606,LED strip light 2 m 606,Volume Supplies,Lighting,26.99,GBP,
VS-00607,Hand trowel 607,Volume Supplies,Garden,27.99,GBP,"A made-up trowel for ACME's volume test, number 607."
VS-00608,Rubber garden hose 15 m 608,Volume Supplies,Garden,28.99,GBP,"A made-up garden hose for ACME's volume test, number 608."
VS-00609,Kettle 1.7 L 609,Volume Supplies,Kitchen,29.99,GBP,
VS-00610,S/S hand trowel 610,Volume Supplies,Kitchen,30.99,GBP,"A made-up hand trowel for ACME's volume test, number 610."
VS-00611,Saucepan 18 cm 611,Volume Supplies,Kitchen,31.99,GBP,"A made-up saucepan for ACME's volume test, number 611."
VS-00612,Brass desk lamp 612,Volume Supplies,Lighting,32.99,GBP,
VS-00613,LED strip light 2 m 613,Volume Supplies,Lighting,33.99,GBP,"A made-up strip light for ACME's volume test, number 613."
VS-00614,Hand trowel 614,Volume Supplies,Garden,34.99,GBP,"A made-up trowel for ACME's volume test, number 614."
VS-00615,Rubber garden hose 15 m 615,Volume Supplies,Garden,35.99,GBP,
VS-00616,Kettle 1.7 L 616,Volume Supplies,Kitchen,36.99,GBP,"A made-up kettle for ACME's volume test, number 616."
VS-00617,Ceramic mixing bowl 617,Volume Supplies,Kitchen,37.99,GBP,"A made-up mixing bowl for ACME's volume test, number 617."
VS-00618,Saucepan 18 cm 618,Volume Supplies,Kitchen,38.99,GBP,
VS-00619,Brass desk lamp 619,Volume Supplies,Lighting,39.99,GBP,"A made-up desk lamp for ACME's volume test, number 619."
VS-00620,S/S kettle 620,Volume Supplies,Lighting,40.99,GBP,"A made-up kettle for ACME's volume test, number 620."
VS-00621,Hand trowel 621,Volume Supplies,Garden,41.99,GBP,
VS-00622,Rubber garden hose 15 m 622,Volume Supplies,Garden,42.99,GBP,"A made-up garden hose for ACME's volume test, number 622."
VS-00623,Kettle 1.7 L 623,Volume Supplies,Kitchen,43.99,GBP,"A made-up kettle for ACME's volume test, number 623."
VS-00624,Ceramic mixing bowl 624,Volume Supplies,Kitchen,44.99,GBP,
VS-00625,Saucepan 18 cm 625,Volume Supplies,Kitchen,45.99,GBP,"A made-up saucepan for ACME's volume test, number 625."
VS-00626,Brass desk lamp 626,Volume Supplies,Lighting,46.99,GBP,"A made-up desk lamp for ACME's volume test, number 626."
VS-00627,LED strip light 2 m 627,Volume Supplies,Lighting,47.99,GBP,
VS-00628,Hand trowel 628,Volume Supplies,Garden,48.99,GBP,"A made-up trowel for ACME's volume test, number 628."
VS-00629,Rubber garden hose 15 m 629,Volume Supplies,Garden,49.99,GBP,"A made-up garden hose for ACME's volume test, number 629."
VS-00630,S/S hand trowel 630,Volume Supplies,Kitchen,50.99,GBP,
VS-00631,Ceramic mixing bowl 631,Volume Supplies,Kitchen,51.99,GBP,"A made-up mixing bowl for ACME's volume test, number 631."
VS-00632,Saucepan 18 cm 632,Volume Supplies,Kitchen,52.99,GBP,"A made-up saucepan for ACME's volume test, number 632."
VS-00633,Brass desk lamp 633,Volume Supplies,Lighting,53.99,GBP,
VS-00634,LED strip light 2 m 634,Volume Supplies,Lighting,54.99,GBP,"A made-up strip light for ACME's volume test, number 634."
VS-00635,Hand trowel 635,Volume Supplies,Garden,55.99,GBP,"A made-up trowel for ACME's volume test, number 635."
VS-00636,Rubber garden hose 15 m 636,Volume Supplies,Garden,56.99,GBP,
VS-00637,Kettle 1.7 L 637,Volume Supplies,Kitchen,57.99,GBP,"A made-up kettle for ACME's volume test, number 637."
VS-00638,Ceramic mixing bowl 638,Volume Supplies,Kitchen,58.99,GBP,"A made-up mixing bowl for ACME's volume test, number 638."
VS-00639,Saucepan 18 cm 639,Volume Supplies,Kitchen,59.99,GBP,
VS-00640,S/S kettle 640,Volume Supplies,Lighting,60.99,GBP,"A made-up kettle for ACME's volume test, number 640."
VS-00641,LED strip light 2 m 641,Volume Supplies,Lighting,61.99,GBP,"A made-up strip light for ACME's volume test, number 641."
VS-00642,Hand trowel 642,Volume Supplies,Garden,62.99,GBP,
VS-00643,Rubber garden hose 15 m 643,Volume Supplies,Garden,63.99,GBP,"A made-up garden hose for ACME's volume test, number 643."
VS-00644,Kettle 1.7 L 644,Volume Supplies,Kitchen,64.99,GBP,"A made-up kettle for ACME's volume test, number 644."
VS-00645,Ceramic mixing bowl 645,Volume Supplies,Kitchen,65.99,GBP,
VS-00646,Saucepan 18 cm 646,Volume Supplies,Kitchen,66.99,GBP,"A made-up saucepan for ACME's volume test, number 646."
VS-00647,Brass desk lamp 647,Volume Supplies,Lighting,67.99,GBP,"A made-up desk lamp for ACME's volume test, number 647."
VS-00648,LED strip light 2 m 648,Volume Supplies,Lighting,68.99,GBP,
VS-00649,Hand trowel 649,Volume Supplies,Garden,69.99,GBP,"A made-up trowel for ACME's volume test, number 649."
VS-00650,S/S hand trowel 650,Volume Supplies,Garden,70.99,GBP,"A made-up hand trowel for ACME's volume test, number 650."
VS-00651,Kettle 1.7 L 651,Volume Supplies,Kitchen,71.99,GBP,
VS-00652,Ceramic mixing bowl 652,Volume Supplies,Kitchen,72.99,GBP,"A made-up mixing bowl for ACME's volume test, number 652."
VS-00653,Saucepan 18 cm 653,Volume Supplies,Kitchen,73.99,GBP,"A made-up saucepan for ACME's volume test, number 653."
VS-00654,Brass desk lamp 654,Volume Supplies,Lighting,74.99,GBP,
VS-00655,LED strip light 2 m 655,Volume Supplies,Lighting,75.99,GBP,"A made-up strip light for ACME's volume test, number 655."
VS-00656,Hand trowel 656,Volume Supplies,Garden,76.99,GBP,"A made-up trowel for ACME's volume test, number 656."
VS-00657,Rubber garden hose 15 m 657,Volume Supplies,Garden,77.99,GBP,
VS-00658,Kettle 1.7 L 658,Volume Supplies,Kitchen,78.99,GBP,"A made-up kettle for ACME's volume test, number 658."
VS-00659,Ceramic mixing bowl 659,Volume Supplies,Kitchen,79.99,GBP,"A made-up mixing bowl for ACME's volume test, number 659."
VS-00660,S/S kettle 660,Volume Supplies,Kitchen,80.99,GBP,
VS-00661,Brass desk lamp 661,Volume Supplies,Lighting,81.99,GBP,"A made-up desk lamp for ACME's volume test, number 661."
VS-00662,LED strip light 2 m 662,Volume Supplies,Lighting,82.99,GBP,"A made-up strip light for ACME's volume test, number 662."
VS-00663,Hand trowel 663,Volume Supplies,Garden,83.99,GBP,
VS-00664,Rubber garden hose 15 m 664,Volume Supplies,Garden,84.99,GBP,"A made-up garden hose for ACME's volume test, number 664."
VS-00665,Kettle 1.7 L 665,Volume Supplies,Kitchen,85.99,GBP,"A made-up kettle for ACME's volume test, number 665."
VS-00666,Ceramic mixing bowl 666,Volume Supplies,Kitchen,86.99,GBP,
VS-00667,Saucepan 18 cm 667,Volume Supplies,Kitchen,87.99,GBP,"A made-up saucepan for ACME's volume test, number 667."
VS-00668,Brass desk lamp 668,Volume Supplies,Lighting,88.99,GBP,"A made-up desk lamp for ACME's volume test, number 668."
VS-00669,LED strip light 2 m 669,Volume Supplies,Lighting,89.99,GBP,
VS-00670,S/S hand trowel 670,Volume Supplies,Garden,90.99,GBP,"A made-up hand trowel for ACME's volume test, number 670."
VS-00671,Rubber garden hose 15 m 671,Volume Supplies,Garden,91.99,GBP,"A made-up garden hose for ACME's volume test, number 671."
VS-00672,Kettle 1.7 L 672,Volume Supplies,Kitchen,92.99,GBP,
VS-00673,Ceramic mixing bowl 673,Volume Supplies,Kitchen,93.99,GBP,"A made-up mixing bowl for ACME's volume test, number 673."
VS-00674,Saucepan 18 cm 674,Volume Supplies,Kitchen,94.99,GBP,"A made-up saucepan for ACME's volume test, number 674."
VS-00675,Brass desk lamp 675,Volume Supplies,Lighting,95.99,GBP,
VS-00676,LED strip light 2 m 676,Volume Supplies,Lighting,96.99,GBP,"A made-up strip light for ACME's volume test, number 676."
VS-00677,Hand trowel 677,Volume Supplies,Garden,97.99,GBP,"A made-up trowel for ACME's volume test, number 677."
VS-00678,Rubber garden hose 15 m 678,Volume Supplies,Garden,98.99,GBP,
VS-00679,Kettle 1.7 L 679,Volume Supplies,Kitchen,2.99,GBP,"A made-up kettle for ACME's volume test, number 679."
VS-00680,S/S kettle 680,Volume Supplies,Kitchen,3.99,GBP,"A made-up kettle for ACME's volume test, number 680."
VS-00681,Saucepan 18 cm 681,Volume Supplies,Kitchen,4.99,GBP,
VS-00682,Brass desk lamp 682,Volume Supplies,Lighting,5.99,GBP,"A made-up desk lamp for ACME's volume test, number 682."
VS-00683,LED strip light 2 m 683,Volume Supplies,Lighting,6.99,GBP,"A made-up strip light for ACME's volume test, number 683."
VS-00684,Hand trowel 684,Volume Supplies,Garden,7.99,GBP,
VS-00685,Rubber garden hose 15 m 685,Volume Supplies,Garden,8.99,GBP,"A made-up garden hose for ACME's volume test, number 685."
VS-00686,Kettle 1.7 L 686,Volume Supplies,Kitchen,9.99,GBP,"A made-up kettle for ACME's volume test, number 686."
VS-00687,Ceramic mixing bowl 687,Volume Supplies,Kitchen,10.99,GBP,
VS-00688,Saucepan 18 cm 688,Volume Supplies,Kitchen,11.99,GBP,"A made-up saucepan for ACME's volume test, number 688."
VS-00689,Brass desk lamp 689,Volume Supplies,Lighting,12.99,GBP,"A made-up desk lamp for ACME's volume test, number 689."
VS-00690,S/S hand trowel 690,Volume Supplies,Lighting,13.99,GBP,
VS-00691,Hand trowel 691,Volume Supplies,Garden,14.99,GBP,"A made-up trowel for ACME's volume test, number 691."
VS-00692,Rubber garden hose 15 m 692,Volume Supplies,Garden,15.99,GBP,"A made-up garden hose for ACME's volume test, number 692."
VS-00693,Kettle 1.7 L 693,Volume Supplies,Kitchen,16.99,GBP,
VS-00694,Ceramic mixing bowl 694,Volume Supplies,Kitchen,17.99,GBP,"A made-up mixing bowl for ACME's volume test, number 694."
VS-00695,Saucepan 18 cm 695,Volume Supplies,Kitchen,18.99,GBP,"A made-up saucepan for ACME's volume test, number 695."
VS-00696,Brass desk lamp 696,Volume Supplies,Lighting,19.99,GBP,
VS-00697,LED strip light 2 m 697,Volume Supplies,Lighting,20.99,GBP,"A made-up strip light for ACME's volume test, number 697."
VS-00698,Hand trowel 698,Volume Supplies,Garden,21.99,GBP,"A made-up trowel for ACME's volume test, number 698."
VS-00699,Rubber garden hose 15 m 699,Volume Supplies,Garden,22.99,GBP,
VS-00700,S/S kettle 700,Volume Supplies,Kitchen,23.99,GBP,"A made-up kettle for ACME's volume test, number 700."
VS-00701,Ceramic mixing bowl 701,Volume Supplies,Kitchen,24.99,GBP,"A made-up mixing bowl for ACME's volume test, number 701."
VS-00702,Saucepan 18 cm 702,Volume Supplies,Kitchen,25.99,GBP,
VS-00703,Brass desk lamp 703,Volume Supplies,Lighting,26.99,GBP,"A made-up desk lamp for ACME's volume test, number 703."
VS-00704,LED strip light 2 m 704,Volume Supplies,Lighting,27.99,GBP,"A made-up strip light for ACME's volume test, number 704."
VS-00705,Hand trowel 705,Volume Supplies,Garden,28.99,GBP,
VS-00706,Rubber garden hose 15 m 706,Volume Supplies,Garden,29.99,GBP,"A made-up garden hose for ACME's volume test, number 706."
VS-00707,Kettle 1.7 L 707,Volume Supplies,Kitchen,30.99,GBP,"A made-up kettle for ACME's volume test, number 707."
VS-00708,Ceramic mixing bowl 708,Volume Supplies,Kitchen,31.99,GBP,
VS-00709,Saucepan 18 cm 709,Volume Supplies,Kitchen,32.99,GBP,"A made-up saucepan for ACME's volume test, number 709."
VS-00710,S/S hand trowel 710,Volume Supplies,Lighting,33.99,GBP,"A made-up hand trowel for ACME's volume test, number 710."
VS-00711,LED strip light 2 m 711,Volume Supplies,Lighting,34.99,GBP,
VS-00712,Hand trowel 712,Volume Supplies,Garden,35.99,GBP,"A made-up trowel for ACME's volume test, number 712."
VS-00713,Rubber garden hose 15 m 713,Volume Supplies,Garden,36.99,GBP,"A made-up garden hose for ACME's volume test, number 713."
VS-00714,Kettle 1.7 L 714,Volume Supplies,Kitchen,37.99,GBP,
VS-00715,Ceramic mixing bowl 715,Volume Supplies,Kitchen,38.99,GBP,"A made-up mixing bowl for ACME's volume test, number 715."
VS-00716,Saucepan 18 cm 716,Volume Supplies,Kitchen,39.99,GBP,"A made-up saucepan for ACME's volume test, number 716."
VS-00717,Brass desk lamp 717,Volume Supplies,Lighting,40.99,GBP,
VS-00718,LED strip light 2 m 718,Volume Supplies,Lighting,41.99,GBP,"A made-up strip light for ACME's volume test, number 718."
VS-00719,Hand trowel 719,Volume Supplies,Garden,42.99,GBP,"A made-up trowel for ACME's volume test, number 719."
VS-00720,S/S kettle 720,Volume Supplies,Garden,43.99,GBP,
VS-00721,Kettle 1.7 L 721,Volume Supplies,Kitchen,44.99,GBP,"A made-up kettle for ACME's volume test, number 721."
VS-00722,Ceramic mixing bowl 722,Volume Supplies,Kitchen,45.99,GBP,"A made-up mixing bowl for ACME's volume test, number 722."
VS-00723,Saucepan 18 cm 723,Volume Supplies,Kitchen,46.99,GBP,
VS-00724,Brass desk lamp 724,Volume Supplies,Lighting,47.99,GBP,"A made-up desk lamp for ACME's volume test, number 724."
VS-00725,LED strip light 2 m 725,Volume Supplies,Lighting,48.99,GBP,"A made-up strip light for ACME's volume test, number 725."
VS-00726,Hand trowel 726,Volume Supplies,Garden,49.99,GBP,
VS-00727,Rubber garden hose 15 m 727,Volume Supplies,Garden,50.99,GBP,"A made-up garden hose for ACME's volume test, number 727."
VS-00728,Kettle 1.7 L 728,Volume Supplies,Kitchen,51.99,GBP,"A made-up kettle for ACME's volume test, number 728."
VS-00729,Ceramic mixing bowl 729,Volume Supplies,Kitchen,52.99,GBP,
VS-00730,S/S hand trowel 730,Volume Supplies,Kitchen,53.99,GBP,"A made-up hand trowel for ACME's volume test, number 730."
VS-00731,Brass desk lamp 731,Volume Supplies,Lighting,54.99,GBP,"A made-up desk lamp for ACME's volume test, number 731."
VS-00732,LED strip light 2 m 732,Volume Supplies,Lighting,55.99,GBP,
VS-00733,Hand trowel 733,Volume Supplies,Garden,56.99,GBP,"A made-up trowel for ACME's volume test, number 733."
VS-00734,Rubber garden hose 15 m 734,Volume Supplies,Garden,57.99,GBP,"A made-up garden hose for ACME's volume test, number 734."
VS-00735,Kettle 1.7 L 735,Volume Supplies,Kitchen,58.99,GBP,
VS-00736,Ceramic mixing bowl 736,Volume Supplies,Kitchen,59.99,GBP,"A made-up mixing bowl for ACME's volume test, number 736."
VS-00737,Saucepan 18 cm 737,Volume Supplies,Kitchen,60.99,GBP,"A made-up saucepan for ACME's volume test, number 737."
VS-00738,Brass desk lamp 738,Volume Supplies,Lighting,61.99,GBP,
VS-00739,LED strip light 2 m 739,Volume Supplies,Lighting,62.99,GBP,"A made-up strip light for ACME's volume test, number 739."
VS-00740,S/S kettle 740,Volume Supplies,Garden,63.99,GBP,"A made-up kettle for ACME's volume test, number 740."
VS-00741,Rubber garden hose 15 m 741,Volume Supplies,Garden,64.99,GBP,
VS-00742,Kettle 1.7 L 742,Volume Supplies,Kitchen,65.99,GBP,"A made-up kettle for ACME's volume test, number 742."
VS-00743,Ceramic mixing bowl 743,Volume Supplies,Kitchen,66.99,GBP,"A made-up mixing bowl for ACME's volume test, number 743."
VS-00744,Saucepan 18 cm 744,Volume Supplies,Kitchen,67.99,GBP,
VS-00745,Brass desk lamp 745,Volume Supplies,Lighting,68.99,GBP,"A made-up desk lamp for ACME's volume test, number 745."
VS-00746,LED strip light 2 m 746,Volume Supplies,Lighting,69.99,GBP,"A made-up strip light for ACME's volume test, number 746."
VS-00747,Hand trowel 747,Volume Supplies,Garden,70.99,GBP,
VS-00748,Rubber garden hose 15 m 748,Volume Supplies,Garden,71.99,GBP,"A made-up garden hose for ACME's volume test, number 748."
VS-00749,Kettle 1.7 L 749,Volume Supplies,Kitchen,72.99,GBP,"A made-up kettle for ACME's volume test, number 749."
VS-00750,S/S hand trowel 750,Volume Supplies,Kitchen,73.99,GBP,
VS-00751,Saucepan 18 cm 751,Volume Supplies,Kitchen,74.99,GBP,"A made-up saucepan for ACME's volume test, number 751."
VS-00752,Brass desk lamp 752,Volume Supplies,Lighting,75.99,GBP,"A made-up desk lamp for ACME's volume test, number 752."
VS-00753,LED strip light 2 m 753,Volume Supplies,Lighting,76.99,GBP,
VS-00754,Hand trowel 754,Volume Supplies,Garden,77.99,GBP,"A made-up trowel for ACME's volume test, number 754."
VS-00755,Rubber garden hose 15 m 755,Volume Supplies,Garden,78.99,GBP,"A made-up garden hose for ACME's volume test, number 755."
VS-00756,Kettle 1.7 L 756,Volume Supplies,Kitchen,79.99,GBP,
VS-00757,Ceramic mixing bowl 757,Volume Supplies,Kitchen,80.99,GBP,"A made-up mixing bowl for ACME's volume test, number 757."
VS-00758,Saucepan 18 cm 758,Volume Supplies,Kitchen,81.99,GBP,"A made-up saucepan for ACME's volume test, number 758."
VS-00759,Brass desk lamp 759,Volume Supplies,Lighting,82.99,GBP,
VS-00760,S/S kettle 760,Volume Supplies,Lighting,83.99,GBP,"A made-up kettle for ACME's volume test, number 760."
VS-00761,Hand trowel 761,Volume Supplies,Garden,84.99,GBP,"A made-up trowel for ACME's volume test, number 761."
VS-00762,Rubber garden hose 15 m 762,Volume Supplies,Garden,85.99,GBP,
VS-00763,Kettle 1.7 L 763,Volume Supplies,Kitchen,86.99,GBP,"A made-up kettle for ACME's volume test, number 763."
VS-00764,Ceramic mixing bowl 764,Volume Supplies,Kitchen,87.99,GBP,"A made-up mixing bowl for ACME's volume test, number 764."
VS-00765,Saucepan 18 cm 765,Volume Supplies,Kitchen,88.99,GBP,
VS-00766,Brass desk lamp 766,Volume Supplies,Lighting,89.99,GBP,"A made-up desk lamp for ACME's volume test, number 766."
VS-00767,LED strip light 2 m 767,Volume Supplies,Lighting,90.99,GBP,"A made-up strip light for ACME's volume test, number 767."
VS-00768,Hand trowel 768,Volume Supplies,Garden,91.99,GBP,
VS-00769,Rubber garden hose 15 m 769,Volume Supplies,Garden,92.99,GBP,"A made-up garden hose for ACME's volume test, number 769."
VS-00770,S/S hand trowel 770,Volume Supplies,Kitchen,93.99,GBP,"A made-up hand trowel for ACME's volume test, number 770."
VS-00771,Ceramic mixing bowl 771,Volume Supplies,Kitchen,94.99,GBP,
VS-00772,Saucepan 18 cm 772,Volume Supplies,Kitchen,95.99,GBP,"A made-up saucepan for ACME's volume test, number 772."
VS-00773,Brass desk lamp 773,Volume Supplies,Lighting,96.99,GBP,"A made-up desk lamp for ACME's volume test, number 773."
VS-00774,LED strip light 2 m 774,Volume Supplies,Lighting,97.99,GBP,
VS-00775,Hand trowel 775,Volume Supplies,Garden,98.99,GBP,"A made-up trowel for ACME's volume test, number 775."
VS-00776,Rubber garden hose 15 m 776,Volume Supplies,Garden,2.99,GBP,"A made-up garden hose for ACME's volume test, number 776."
VS-00777,Kettle 1.7 L 777,Volume Supplies,Kitchen,3.99,GBP,
VS-00778,Ceramic mixing bowl 778,Volume Supplies,Kitchen,4.99,GBP,"A made-up mixing bowl for ACME's volume test, number 778."
VS-00779,Saucepan 18 cm 779,Volume Supplies,Kitchen,5.99,GBP,"A made-up saucepan for ACME's volume test, number 779."
VS-00780,S/S kettle 780,Volume Supplies,Lighting,6.99,GBP,
VS-00781,LED strip light 2 m 781,Volume Supplies,Lighting,7.99,GBP,"A made-up strip light for ACME's volume test, number 781."
VS-00782,Hand trowel 782,Volume Supplies,Garden,8.99,GBP,"A made-up trowel for ACME's volume test, number 782."
VS-00783,Rubber garden hose 15 m 783,Volume Supplies,Garden,9.99,GBP,
VS-00784,Kettle 1.7 L 784,Volume Supplies,Kitchen,10.99,GBP,"A made-up kettle for ACME's volume test, number 784."
VS-00785,Ceramic mixing bowl 785,Volume Supplies,Kitchen,11.99,GBP,"A made-up mixing bowl for ACME's volume test, number 785."
VS-00786,Saucepan 18 cm 786,Volume Supplies,Kitchen,12.99,GBP,
VS-00787,Brass desk lamp 787,Volume Supplies,Lighting,13.99,GBP,"A made-up desk lamp for ACME's volume test, number 787."
VS-00788,LED strip light 2 m 788,Volume Supplies,Lighting,14.99,GBP,"A made-up strip light for ACME's volume test, number 788."
VS-00789,Hand trowel 789,Volume Supplies,Garden,15.99,GBP,
VS-00790,S/S hand trowel 790,Volume Supplies,Garden,16.99,GBP,"A made-up hand trowel for ACME's volume test, number 790."
VS-00791,Kettle 1.7 L 791,Volume Supplies,Kitchen,17.99,GBP,"A made-up kettle for ACME's volume test, number 791."
VS-00792,Ceramic mixing bowl 792,Volume Supplies,Kitchen,18.99,GBP,
VS-00793,Saucepan 18 cm 793,Volume Supplies,Kitchen,19.99,GBP,"A made-up saucepan for ACME's volume test, number 793."
VS-00794,Brass desk lamp 794,Volume Supplies,Lighting,20.99,GBP,"A made-up desk lamp for ACME's volume test, number 794."
VS-00795,LED strip light 2 m 795,Volume Supplies,Lighting,21.99,GBP,
VS-00796,Hand trowel 796,Volume Supplies,Garden,22.99,GBP,"A made-up trowel for ACME's volume test, number 796."
VS-00797,Rubber garden hose 15 m 797,Volume Supplies,Garden,23.99,GBP,"A made-up garden hose for ACME's volume test, number 797."
VS-00798,Kettle 1.7 L 798,Volume Supplies,Kitchen,24.99,GBP,
VS-00799,Ceramic mixing bowl 799,Volume Supplies,Kitchen,25.99,GBP,"A made-up mixing bowl for ACME's volume test, number 799."
VS-00800,S/S kettle 800,Volume Supplies,Kitchen,26.99,GBP,"A made-up kettle for ACME's volume test, number 800."
VS-00801,Brass desk lamp 801,Volume Supplies,Lighting,27.99,GBP,
VS-00802,LED strip light 2 m 802,Volume Supplies,Lighting,28.99,GBP,"A made-up strip light for ACME's volume test, number 802."
VS-00803,Hand trowel 803,Volume Supplies,Garden,29.99,GBP,"A made-up trowel for ACME's volume test, number 803."
VS-00804,Rubber garden hose 15 m 804,Volume Supplies,Garden,30.99,GBP,
VS-00805,Kettle 1.7 L 805,Volume Supplies,Kitchen,31.99,GBP,"A made-up kettle for ACME's volume test, number 805."
VS-00806,Ceramic mixing bowl 806,Volume Supplies,Kitchen,32.99,GBP,"A made-up mixing bowl for ACME's volume test, number 806."
VS-00807,Saucepan 18 cm 807,Volume Supplies,Kitchen,33.99,GBP,
VS-00808,Brass desk lamp 808,Volume Supplies,Lighting,34.99,GBP,"A made-up desk lamp for ACME's volume test, number 808."
VS-00809,LED strip light 2 m 809,Volume Supplies,Lighting,35.99,GBP,"A made-up strip light for ACME's volume test, number 809."
VS-00810,S/S hand trowel 810,Volume Supplies,Garden,36.99,GBP,
VS-00811,Rubber garden hose 15 m 811,Volume Supplies,Garden,37.99,GBP,"A made-up garden hose for ACME's volume test, number 811."
VS-00812,Kettle 1.7 L 812,Volume Supplies,Kitchen,38.99,GBP,"A made-up kettle for ACME's volume test, number 812."
VS-00813,Ceramic mixing bowl 813,Volume Supplies,Kitchen,39.99,GBP,
VS-00814,Saucepan 18 cm 814,Volume Supplies,Kitchen,40.99,GBP,"A made-up saucepan for ACME's volume test, number 814."
VS-00815,Brass desk lamp 815,Volume Supplies,Lighting,41.99,GBP,"A made-up desk lamp for ACME's volume test, number 815."
VS-00816,LED strip light 2 m 816,Volume Supplies,Lighting,42.99,GBP,
VS-00817,Hand trowel 817,Volume Supplies,Garden,43.99,GBP,"A made-up trowel for ACME's volume test, number 817."
VS-00818,Rubber garden hose 15 m 818,Volume Supplies,Garden,44.99,GBP,"A made-up garden hose for ACME's volume test, number 818."
VS-00819,Kettle 1.7 L 819,Volume Supplies,Kitchen,45.99,GBP,
VS-00820,S/S kettle 820,Volume Supplies,Kitchen,46.99,GBP,"A made-up kettle for ACME's volume test, number 820."
VS-00821,Saucepan 18 cm 821,Volume Supplies,Kitchen,47.99,GBP,"A made-up saucepan for ACME's volume test, number 821."
VS-00822,Brass desk lamp 822,Volume Supplies,Lighting,48.99,GBP,
VS-00823,LED strip light 2 m 823,Volume Supplies,Lighting,49.99,GBP,"A made-up strip light for ACME's volume test, number 823."
VS-00824,Hand trowel 824,Volume Supplies,Garden,50.99,GBP,"A made-up trowel for ACME's volume test, number 824."
VS-00825,Rubber garden hose 15 m 825,Volume Supplies,Garden,51.99,GBP,
VS-00826,Kettle 1.7 L 826,Volume Supplies,Kitchen,52.99,GBP,"A made-up kettle for ACME's volume test, number 826."
VS-00827,Ceramic mixing bowl 827,Volume Supplies,Kitchen,53.99,GBP,"A made-up mixing bowl for ACME's volume test, number 827."
VS-00828,Saucepan 18 cm 828,Volume Supplies,Kitchen,54.99,GBP,
VS-00829,Brass desk lamp 829,Volume Supplies,Lighting,55.99,GBP,"A made-up desk lamp for ACME's volume test, number 829."
VS-00830,S/S hand trowel 830,Volume Supplies,Lighting,56.99,GBP,"A made-up hand trowel for ACME's volume test, number 830."
VS-00831,Hand trowel 831,Volume Supplies,Garden,57.99,GBP,
VS-00832,Rubber garden hose 15 m 832,Volume Supplies,Garden,58.99,GBP,"A made-up garden hose for ACME's volume test, number 832."
VS-00833,Kettle 1.7 L 833,Volume Supplies,Kitchen,59.99,GBP,"A made-up kettle for ACME's volume test, number 833."
VS-00834,Ceramic mixing bowl 834,Volume Supplies,Kitchen,60.99,GBP,
VS-00835,Saucepan 18 cm 835,Volume Supplies,Kitchen,61.99,GBP,"A made-up saucepan for ACME's volume test, number 835."
VS-00836,Brass desk lamp 836,Volume Supplies,Lighting,62.99,GBP,"A made-up desk lamp for ACME's volume test, number 836."
VS-00837,LED strip light 2 m 837,Volume Supplies,Lighting,63.99,GBP,
VS-00838,Hand trowel 838,Volume Supplies,Garden,64.99,GBP,"A made-up trowel for ACME's volume test, number 838."
VS-00839,Rubber garden hose 15 m 839,Volume Supplies,Garden,65.99,GBP,"A made-up garden hose for ACME's volume test, number 839."
VS-00840,S/S kettle 840,Volume Supplies,Kitchen,66.99,GBP,
VS-00841,Ceramic mixing bowl 841,Volume Supplies,Kitchen,67.99,GBP,"A made-up mixing bowl for ACME's volume test, number 841."
VS-00842,Saucepan 18 cm 842,Volume Supplies,Kitchen,68.99,GBP,"A made-up saucepan for ACME's volume test, number 842."
VS-00843,Brass desk lamp 843,Volume Supplies,Lighting,69.99,GBP,
VS-00844,LED strip light 2 m 844,Volume Supplies,Lighting,70.99,GBP,"A made-up strip light for ACME's volume test, number 844."
VS-00845,Hand trowel 845,Volume Supplies,Garden,71.99,GBP,"A made-up trowel for ACME's volume test, number 845."
VS-00846,Rubber garden hose 15 m 846,Volume Supplies,Garden,72.99,GBP,
VS-00847,Kettle 1.7 L 847,Volume Supplies,Kitchen,73.99,GBP,"A made-up kettle for ACME's volume test, number 847."
VS-00848,Ceramic mixing bowl 848,Volume Supplies,Kitchen,74.99,GBP,"A made-up mixing bowl for ACME's volume test, number 848."
VS-00849,Saucepan 18 cm 849,Volume Supplies,Kitchen,75.99,GBP,
VS-00850,S/S hand trowel 850,Volume Supplies,Lighting,76.99,GBP,"A made-up hand trowel for ACME's volume test, number 850."
VS-00851,LED strip light 2 m 851,Volume Supplies,Lighting,77.99,GBP,"A made-up strip light for ACME's volume test, number 851."
VS-00852,Hand trowel 852,Volume Supplies,Garden,78.99,GBP,
VS-00853,Rubber garden hose 15 m 853,Volume Supplies,Garden,79.99,GBP,"A made-up garden hose for ACME's volume test, number 853."
VS-00854,Kettle 1.7 L 854,Volume Supplies,Kitchen,80.99,GBP,"A made-up kettle for ACME's volume test, number 854."
VS-00855,Ceramic mixing bowl 855,Volume Supplies,Kitchen,81.99,GBP,
VS-00856,Saucepan 18 cm 856,Volume Supplies,Kitchen,82.99,GBP,"A made-up saucepan for ACME's volume test, number 856."
VS-00857,Brass desk lamp 857,Volume Supplies,Lighting,83.99,GBP,"A made-up desk lamp for ACME's volume test, number 857."
VS-00858,LED strip light 2 m 858,Volume Supplies,Lighting,84.99,GBP,
VS-00859,Hand trowel 859,Volume Supplies,Garden,85.99,GBP,"A made-up trowel for ACME's volume test, number 859."
VS-00860,S/S kettle 860,Volume Supplies,Garden,86.99,GBP,"A made-up kettle for ACME's volume test, number 860."
VS-00861,Kettle 1.7 L 861,Volume Supplies,Kitchen,87.99,GBP,
VS-00862,Ceramic mixing bowl 862,Volume Supplies,Kitchen,88.99,GBP,"A made-up mixing bowl for ACME's volume test, number 862."
VS-00863,Saucepan 18 cm 863,Volume Supplies,Kitchen,89.99,GBP,"A made-up saucepan for ACME's volume test, number 863."
VS-00864,Brass desk lamp 864,Volume Supplies,Lighting,90.99,GBP,
VS-00865,LED strip light 2 m 865,Volume Supplies,Lighting,91.99,GBP,"A made-up strip light for ACME's volume test, number 865."
VS-00866,Hand trowel 866,Volume Supplies,Garden,92.99,GBP,"A made-up trowel for ACME's volume test, number 866."
VS-00867,Rubber garden hose 15 m 867,Volume Supplies,Garden,93.99,GBP,
VS-00868,Kettle 1.7 L 868,Volume Supplies,Kitchen,94.99,GBP,"A made-up kettle for ACME's volume test, number 868."
VS-00869,Ceramic mixing bowl 869,Volume Supplies,Kitchen,95.99,GBP,"A made-up mixing bowl for ACME's volume test, number 869."
VS-00870,S/S hand trowel 870,Volume Supplies,Kitchen,96.99,GBP,
VS-00871,Brass desk lamp 871,Volume Supplies,Lighting,97.99,GBP,"A made-up desk lamp for ACME's volume test, number 871."
VS-00872,LED strip light 2 m 872,Volume Supplies,Lighting,98.99,GBP,"A made-up strip light for ACME's volume test, number 872."
VS-00873,Hand trowel 873,Volume Supplies,Garden,2.99,GBP,
VS-00874,Rubber garden hose 15 m 874,Volume Supplies,Garden,3.99,GBP,"A made-up garden hose for ACME's volume test, number 874."
VS-00875,Kettle 1.7 L 875,Volume Supplies,Kitchen,4.99,GBP,"A made-up kettle for ACME's volume test, number 875."
VS-00876,Ceramic mixing bowl 876,Volume Supplies,Kitchen,5.99,GBP,
VS-00877,Saucepan 18 cm 877,Volume Supplies,Kitchen,6.99,GBP,"A made-up saucepan for ACME's volume test, number 877."
VS-00878,Brass desk lamp 878,Volume Supplies,Lighting,7.99,GBP,"A made-up desk lamp for ACME's volume test, number 878."
VS-00879,LED strip light 2 m 879,Volume Supplies,Lighting,8.99,GBP,
VS-00880,S/S kettle 880,Volume Supplies,Garden,9.99,GBP,"A made-up kettle for ACME's volume test, number 880."
VS-00881,Rubber garden hose 15 m 881,Volume Supplies,Garden,10.99,GBP,"A made-up garden hose for ACME's volume test, number 881."
VS-00882,Kettle 1.7 L 882,Volume Supplies,Kitchen,11.99,GBP,
VS-00883,Ceramic mixing bowl 883,Volume Supplies,Kitchen,12.99,GBP,"A made-up mixing bowl for ACME's volume test, number 883."
VS-00884,Saucepan 18 cm 884,Volume Supplies,Kitchen,13.99,GBP,"A made-up saucepan for ACME's volume test, number 884."
VS-00885,Brass desk lamp 885,Volume Supplies,Lighting,14.99,GBP,
VS-00886,LED strip light 2 m 886,Volume Supplies,Lighting,15.99,GBP,"A made-up strip light for ACME's volume test, number 886."
VS-00887,Hand trowel 887,Volume Supplies,Garden,16.99,GBP,"A made-up trowel for ACME's volume test, number 887."
VS-00888,Rubber garden hose 15 m 888,Volume Supplies,Garden,17.99,GBP,
VS-00889,Kettle 1.7 L 889,Volume Supplies,Kitchen,18.99,GBP,"A made-up kettle for ACME's volume test, number 889."
VS-00890,S/S hand trowel 890,Volume Supplies,Kitchen,19.99,GBP,"A made-up hand trowel for ACME's volume test, number 890."
VS-00891,Saucepan 18 cm 891,Volume Supplies,Kitchen,20.99,GBP,
VS-00892,Brass desk lamp 892,Volume Supplies,Lighting,21.99,GBP,"A made-up desk lamp for ACME's volume test, number 892."
VS-00893,LED strip light 2 m 893,Volume Supplies,Lighting,22.99,GBP,"A made-up strip light for ACME's volume test, number 893."
VS-00894,Hand trowel 894,Volume Supplies,Garden,23.99,GBP,
VS-00895,Rubber garden hose 15 m 895,Volume Supplies,Garden,24.99,GBP,"A made-up garden hose for ACME's volume test, number 895."
VS-00896,Kettle 1.7 L 896,Volume Supplies,Kitchen,25.99,GBP,"A made-up kettle for ACME's volume test, number 896."
VS-00897,Ceramic mixing bowl 897,Volume Supplies,Kitchen,26.99,GBP,
VS-00898,Saucepan 18 cm 898,Volume Supplies,Kitchen,27.99,GBP,"A made-up saucepan for ACME's volume test, number 898."
VS-00899,Brass desk lamp 899,Volume Supplies,Lighting,28.99,GBP,"A made-up desk lamp for ACME's volume test, number 899."
VS-00900,S/S kettle 900,Volume Supplies,Lighting,29.99,GBP,
VS-00901,Hand trowel 901,Volume Supplies,Garden,30.99,GBP,"A made-up trowel for ACME's volume test, number 901."
VS-00902,Rubber garden hose 15 m 902,Volume Supplies,Garden,31.99,GBP,"A made-up garden hose for ACME's volume test, number 902."
VS-00903,Kettle 1.7 L 903,Volume Supplies,Kitchen,32.99,GBP,
VS-00904,Ceramic mixing bowl 904,Volume Supplies,Kitchen,33.99,GBP,"A made-up mixing bowl for ACME's volume test, number 904."
VS-00905,Saucepan 18 cm 905,Volume Supplies,Kitchen,34.99,GBP,"A made-up saucepan for ACME's volume test, number 905."
VS-00906,Brass desk lamp 906,Volume Supplies,Lighting,35.99,GBP,
VS-00907,LED strip light 2 m 907,Volume Supplies,Lighting,36.99,GBP,"A made-up strip light for ACME's volume test, number 907."
VS-00908,Hand trowel 908,Volume Supplies,Garden,37.99,GBP,"A made-up trowel for ACME's volume test, number 908."
VS-00909,Rubber garden hose 15 m 909,Volume Supplies,Garden,38.99,GBP,
VS-00910,S/S hand trowel 910,Volume Supplies,Kitchen,39.99,GBP,"A made-up hand trowel for ACME's volume test, number 910."
VS-00911,Ceramic mixing bowl 911,Volume Supplies,Kitchen,40.99,GBP,"A made-up mixing bowl for ACME's volume test, number 911."
VS-00912,Saucepan 18 cm 912,Volume Supplies,Kitchen,41.99,GBP,
VS-00913,Brass desk lamp 913,Volume Supplies,Lighting,42.99,GBP,"A made-up desk lamp for ACME's volume test, number 913."
VS-00914,LED strip light 2 m 914,Volume Supplies,Lighting,43.99,GBP,"A made-up strip light for ACME's volume test, number 914."
VS-00915,Hand trowel 915,Volume Supplies,Garden,44.99,GBP,
VS-00916,Rubber garden hose 15 m 916,Volume Supplies,Garden,45.99,GBP,"A made-up garden hose for ACME's volume test, number 916."
VS-00917,Kettle 1.7 L 917,Volume Supplies,Kitchen,46.99,GBP,"A made-up kettle for ACME's volume test, number 917."
VS-00918,Ceramic mixing bowl 918,Volume Supplies,Kitchen,47.99,GBP,
VS-00919,Saucepan 18 cm 919,Volume Supplies,Kitchen,48.99,GBP,"A made-up saucepan for ACME's volume test, number 919."
VS-00920,S/S kettle 920,Volume Supplies,Lighting,49.99,GBP,"A made-up kettle for ACME's volume test, number 920."
VS-00921,LED strip light 2 m 921,Volume Supplies,Lighting,50.99,GBP,
VS-00922,Hand trowel 922,Volume Supplies,Garden,51.99,GBP,"A made-up trowel for ACME's volume test, number 922."
VS-00923,Rubber garden hose 15 m 923,Volume Supplies,Garden,52.99,GBP,"A made-up garden hose for ACME's volume test, number 923."
VS-00924,Kettle 1.7 L 924,Volume Supplies,Kitchen,53.99,GBP,
VS-00925,Ceramic mixing bowl 925,Volume Supplies,Kitchen,54.99,GBP,"A made-up mixing bowl for ACME's volume test, number 925."
VS-00926,Saucepan 18 cm 926,Volume Supplies,Kitchen,55.99,GBP,"A made-up saucepan for ACME's volume test, number 926."
VS-00927,Brass desk lamp 927,Volume Supplies,Lighting,56.99,GBP,
VS-00928,LED strip light 2 m 928,Volume Supplies,Lighting,57.99,GBP,"A made-up strip light for ACME's volume test, number 928."
VS-00929,Hand trowel 929,Volume Supplies,Garden,58.99,GBP,"A made-up trowel for ACME's volume test, number 929."
VS-00930,S/S hand trowel 930,Volume Supplies,Garden,59.99,GBP,
VS-00931,Kettle 1.7 L 931,Volume Supplies,Kitchen,60.99,GBP,"A made-up kettle for ACME's volume test, number 931."
VS-00932,Ceramic mixing bowl 932,Volume Supplies,Kitchen,61.99,GBP,"A made-up mixing bowl for ACME's volume test, number 932."
VS-00933,Saucepan 18 cm 933,Volume Supplies,Kitchen,62.99,GBP,
VS-00934,Brass desk lamp 934,Volume Supplies,Lighting,63.99,GBP,"A made-up desk lamp for ACME's volume test, number 934."
VS-00935,LED strip light 2 m 935,Volume Supplies,Lighting,64.99,GBP,"A made-up strip light for ACME's volume test, number 935."
VS-00936,Hand trowel 936,Volume Supplies,Garden,65.99,GBP,
VS-00937,Rubber garden hose 15 m 937,Volume Supplies,Garden,66.99,GBP,"A made-up garden hose for ACME's volume test, number 937."
VS-00938,Kettle 1.7 L 938,Volume Supplies,Kitchen,67.99,GBP,"A made-up kettle for ACME's volume test, number 938."
VS-00939,Ceramic mixing bowl 939,Volume Supplies,Kitchen,68.99,GBP,
VS-00940,S/S kettle 940,Volume Supplies,Kitchen,69.99,GBP,"A made-up kettle for ACME's volume test, number 940."
VS-00941,Brass desk lamp 941,Volume Supplies,Lighting,70.99,GBP,"A made-up desk lamp for ACME's volume test, number 941."
VS-00942,LED strip light 2 m 942,Volume Supplies,Lighting,71.99,GBP,
VS-00943,Hand trowel 943,Volume Supplies,Garden,72.99,GBP,"A made-up trowel for ACME's volume test, number 943."
VS-00944,Rubber garden hose 15 m 944,Volume Supplies,Garden,73.99,GBP,"A made-up garden hose for ACME's volume test, number 944."
VS-00945,Kettle 1.7 L 945,Volume Supplies,Kitchen,74.99,GBP,
VS-00946,Ceramic mixing bowl 946,Volume Supplies,Kitchen,75.99,GBP,"A made-up mixing bowl for ACME's volume test, number 946."
VS-00947,Saucepan 18 cm 947,Volume Supplies,Kitchen,76.99,GBP,"A made-up saucepan for ACME's volume test, number 947."
VS-00948,Brass desk lamp 948,Volume Supplies,Lighting,77.99,GBP,
VS-00949,LED strip light 2 m 949,Volume Supplies,Lighting,78.99,GBP,"A made-up strip light for ACME's volume test, number 949."
VS-00950,S/S hand trowel 950,Volume Supplies,Garden,79.99,GBP,"A made-up hand trowel for ACME's volume test, number 950."
VS-00951,Rubber garden hose 15 m 951,Volume Supplies,Garden,80.99,GBP,
VS-00952,Kettle 1.7 L 952,Volume Supplies,Kitchen,81.99,GBP,"A made-up kettle for ACME's volume test, number 952."
VS-00953,Ceramic mixing bowl 953,Volume Supplies,Kitchen,82.99,GBP,"A made-up mixing bowl for ACME's volume test, number 953."
VS-00954,Saucepan 18 cm 954,Volume Supplies,Kitchen,83.99,GBP,
VS-00955,Brass desk lamp 955,Volume Supplies,Lighting,84.99,GBP,"A made-up desk lamp for ACME's volume test, number 955."
VS-00956,LED strip light 2 m 956,Volume Supplies,Lighting,85.99,GBP,"A made-up strip light for ACME's volume test, number 956."
VS-00957,Hand trowel 957,Volume Supplies,Garden,86.99,GBP,
VS-00958,Rubber garden hose 15 m 958,Volume Supplies,Garden,87.99,GBP,"A made-up garden hose for ACME's volume test, number 958."
VS-00959,Kettle 1.7 L 959,Volume Supplies,Kitchen,88.99,GBP,"A made-up kettle for ACME's volume test, number 959."
VS-00960,S/S kettle 960,Volume Supplies,Kitchen,89.99,GBP,
VS-00961,Saucepan 18 cm 961,Volume Supplies,Kitchen,90.99,GBP,"A made-up saucepan for ACME's volume test, number 961."
VS-00962,Brass desk lamp 962,Volume Supplies,Lighting,91.99,GBP,"A made-up desk lamp for ACME's volume test, number 962."
VS-00963,LED strip light 2 m 963,Volume Supplies,Lighting,92.99,GBP,
VS-00964,Hand trowel 964,Volume Supplies,Garden,93.99,GBP,"A made-up trowel for ACME's volume test, number 964."
VS-00965,Rubber garden hose 15 m 965,Volume Supplies,Garden,94.99,GBP,"A made-up garden hose for ACME's volume test, number 965."
VS-00966,Kettle 1.7 L 966,Volume Supplies,Kitchen,95.99,GBP,
VS-00967,Ceramic mixing bowl 967,Volume Supplies,Kitchen,96.99,GBP,"A made-up mixing bowl for ACME's volume test, number 967."
VS-00968,Saucepan 18 cm 968,Volume Supplies,Kitchen,97.99,GBP,"A made-up saucepan for ACME's volume test, number 968."
VS-00969,Brass desk lamp 969,Volume Supplies,Lighting,98.99,GBP,
VS-00970,S/S hand trowel 970,Volume Supplies,Lighting,2.99,GBP,"A made-up hand trowel for ACME's volume test, number 970."
VS-00971,Hand trowel 971,Volume Supplies,Garden,3.99,GBP,"A made-up trowel for ACME's volume test, number 971."
VS-00972,Rubber garden hose 15 m 972,Volume Supplies,Garden,4.99,GBP,
VS-00973,Kettle 1.7 L 973,Volume Supplies,Kitchen,5.99,GBP,"A made-up kettle for ACME's volume test, number 973."
VS-00974,Ceramic mixing bowl 974,Volume Supplies,Kitchen,6.99,GBP,"A made-up mixing bowl for ACME's volume test, number 974."
VS-00975,Saucepan 18 cm 975,Volume Supplies,Kitchen,7.99,GBP,
VS-00976,Brass desk lamp 976,Volume Supplies,Lighting,8.99,GBP,"A made-up desk lamp for ACME's volume test, number 976."
VS-00977,LED strip light 2 m 977,Volume Supplies,Lighting,9.99,GBP,"A made-up strip light for ACME's volume test, number 977."
VS-00978,Hand trowel 978,Volume Supplies,Garden,10.99,GBP,
VS-00979,Rubber garden hose 15 m 979,Volume Supplies,Garden,11.99,GBP,"A made-up garden hose for ACME's volume test, number 979."
VS-00980,S/S kettle 980,Volume Supplies,Kitchen,12.99,GBP,"A made-up kettle for ACME's volume test, number 980."
VS-00981,Ceramic mixing bowl 981,Volume Supplies,Kitchen,13.99,GBP,
VS-00982,Saucepan 18 cm 982,Volume Supplies,Kitchen,14.99,GBP,"A made-up saucepan for ACME's volume test, number 982."
VS-00983,Brass desk lamp 983,Volume Supplies,Lighting,15.99,GBP,"A made-up desk lamp for ACME's volume test, number 983."
VS-00984,LED strip light 2 m 984,Volume Supplies,Lighting,16.99,GBP,
VS-00985,Hand trowel 985,Volume Supplies,Garden,17.99,GBP,"A made-up trowel for ACME's volume test, number 985."
VS-00986,Rubber garden hose 15 m 986,Volume Supplies,Garden,18.99,GBP,"A made-up garden hose for ACME's volume test, number 986."
VS-00987,Kettle 1.7 L 987,Volume Supplies,Kitchen,19.99,GBP,
VS-00988,Ceramic mixing bowl 988,Volume Supplies,Kitchen,20.99,GBP,"A made-up mixing bowl for ACME's volume test, number 988."
VS-00989,Saucepan 18 cm 989,Volume Supplies,Kitchen,21.99,GBP,"A made-up saucepan for ACME's volume test, number 989."
VS-00990,S/S hand trowel 990,Volume Supplies,Lighting,22.99,GBP,
VS-00991,LED strip light 2 m 991,Volume Supplies,Lighting,23.99,GBP,"A made-up strip light for ACME's volume test, number 991."
VS-00992,Hand trowel 992,Volume Supplies,Garden,24.99,GBP,"A made-up trowel for ACME's volume test, number 992."
VS-00993,Rubber garden hose 15 m 993,Volume Supplies,Garden,25.99,GBP,
VS-00994,Kettle 1.7 L 994,Volume Supplies,Kitchen,26.99,GBP,"A made-up kettle for ACME's volume test, number 994."
VS-00995,Ceramic mixing bowl 995,Volume Supplies,Kitchen,27.99,GBP,"A made-up mixing bowl for ACME's volume test, number 995."
VS-00996,Saucepan 18 cm 996,Volume Supplies,Kitchen,28.99,GBP,
VS-00997,Brass desk lamp 997,Volume Supplies,Lighting,29.99,GBP,"A made-up desk lamp for ACME's volume test, number 997."
VS-00998,LED strip light 2 m 998,Volume Supplies,Lighting,30.99,GBP,"A made-up strip light for ACME's volume test, number 998."
VS-00999,Hand trowel 999,Volume Supplies,Garden,31.99,GBP,
VS-01000,S/S kettle 1000,Volume Supplies,Garden,32.99,GBP,"A made-up kettle for ACME's volume test, number 1000."
VS-01001,Kettle 1.7 L 1001,Volume Supplies,Kitchen,33.99,GBP,"A made-up kettle for ACME's volume test, number 1001."
VS-01002,Ceramic mixing bowl 1002,Volume Supplies,Kitchen,34.99,GBP,
VS-01003,Saucepan 18 cm 1003,Volume Supplies,Kitchen,35.99,GBP,"A made-up saucepan for ACME's volume test, number 1003."
VS-01004,Brass desk lamp 1004,Volume Supplies,Lighting,36.99,GBP,"A made-up desk lamp for ACME's volume test, number 1004."
VS-01005,LED strip light 2 m 1005,Volume Supplies,Lighting,37.99,GBP,
VS-01006,Hand trowel 1006,Volume Supplies,Garden,38.99,GBP,"A made-up trowel for ACME's volume test, number 1006."
VS-01007,Rubber garden hose 15 m 1007,Volume Supplies,Garden,39.99,GBP,"A made-up garden hose for ACME's volume test, number 1007."
VS-01008,Kettle 1.7 L 1008,Volume Supplies,Kitchen,40.99,GBP,
VS-01009,Ceramic mixing bowl 1009,Volume Supplies,Kitchen,41.99,GBP,"A made-up mixing bowl for ACME's volume test, number 1009."
VS-01010,S/S hand trowel 1010,Volume Supplies,Kitchen,42.99,GBP,"A made-up hand trowel for ACME's volume test, number 1010."
VS-01011,Brass desk lamp 1011,Volume Supplies,Lighting,43.99,GBP,
VS-01012,LED strip light 2 m 1012,Volume Supplies,Lighting,44.99,GBP,"A made-up strip light for ACME's volume test, number 1012."
VS-01013,Hand trowel 1013,Volume Supplies,Garden,45.99,GBP,"A made-up trowel for ACME's volume test, number 1013."
VS-01014,Rubber garden hose 15 m 1014,Volume Supplies,Garden,46.99,GBP,
VS-01015,Kettle 1.7 L 1015,Volume Supplies,Kitchen,47.99,GBP,"A made-up kettle for ACME's volume test, number 1015."
VS-01016,Ceramic mixing bowl 1016,Volume Supplies,Kitchen,48.99,GBP,"A made-up mixing bowl for ACME's volume test, number 1016."
VS-01017,Saucepan 18 cm 1017,Volume Supplies,Kitchen,49.99,GBP,
VS-01018,Brass desk lamp 1018,Volume Supplies,Lighting,50.99,GBP,"A made-up desk lamp for ACME's volume test, number 1018."
VS-01019,LED strip light 2 m 1019,Volume Supplies,Lighting,51.99,GBP,"A made-up strip light for ACME's volume test, number 1019."
VS-01020,S/S kettle 1020,Volume Supplies,Garden,52.99,GBP,
VS-01021,Rubber garden hose 15 m 1021,Volume Supplies,Garden,53.99,GBP,"A made-up garden hose for ACME's volume test, number 1021."
VS-01022,Kettle 1.7 L 1022,Volume Supplies,Kitchen,54.99,GBP,"A made-up kettle for ACME's volume test, number 1022."
VS-01023,Ceramic mixing bowl 1023,Volume Supplies,Kitchen,55.99,GBP,
VS-01024,Saucepan 18 cm 1024,Volume Supplies,Kitchen,56.99,GBP,"A made-up saucepan for ACME's volume test, number 1024."
VS-01025,Brass desk lamp 1025,Volume Supplies,Lighting,57.99,GBP,"A made-up desk lamp for ACME's volume test, number 1025."
VS-01026,LED strip light 2 m 1026,Volume Supplies,Lighting,58.99,GBP,
VS-01027,Hand trowel 1027,Volume Supplies,Garden,59.99,GBP,"A made-up trowel for ACME's volume test, number 1027."
VS-01028,Rubber garden hose 15 m 1028,Volume Supplies,Garden,60.99,GBP,"A made-up garden hose for ACME's volume test, number 1028."
VS-01029,Kettle 1.7 L 1029,Volume Supplies,Kitchen,61.99,GBP,
VS-01030,S/S hand trowel 1030,Volume Supplies,Kitchen,62.99,GBP,"A made-up hand trowel for ACME's volume test, number 1030."
VS-01031,Saucepan 18 cm 1031,Volume Supplies,Kitchen,63.99,GBP,"A made-up saucepan for ACME's volume test, number 1031."
VS-01032,Brass desk lamp 1032,Volume Supplies,Lighting,64.99,GBP,
VS-01033,LED strip light 2 m 1033,Volume Supplies,Lighting,65.99,GBP,"A made-up strip light for ACME's volume test, number 1033."
VS-01034,Hand trowel 1034,Volume Supplies,Garden,66.99,GBP,"A made-up trowel for ACME's volume test, number 1034."
VS-01035,Rubber garden hose 15 m 1035,Volume Supplies,Garden,67.99,GBP,
VS-01036,Kettle 1.7 L 1036,Volume Supplies,Kitchen,68.99,GBP,"A made-up kettle for ACME's volume test, number 1036."
VS-01037,Ceramic mixing bowl 1037,Volume Supplies,Kitchen,69.99,GBP,"A made-up mixing bowl for ACME's volume test, number 1037."
VS-01038,Saucepan 18 cm 1038,Volume Supplies,Kitchen,70.99,GBP,
VS-01039,Brass desk lamp 1039,Volume Supplies,Lighting,71.99,GBP,"A made-up desk lamp for ACME's volume test, number 1039."
VS-01040,S/S kettle 1040,Volume Supplies,Lighting,72.99,GBP,"A made-up kettle for ACME's volume test, number 1040."
VS-01041,Hand trowel 1041,Volume Supplies,Garden,73.99,GBP,
VS-01042,Rubber garden hose 15 m 1042,Volume Supplies,Garden,74.99,GBP,"A made-up garden hose for ACME's volume test, number 1042."
VS-01043,Kettle 1.7 L 1043,Volume Supplies,Kitchen,75.99,GBP,"A made-up kettle for ACME's volume test, number 1043."
VS-01044,Ceramic mixing bowl 1044,Volume Supplies,Kitchen,76.99,GBP,
VS-01045,Saucepan 18 cm 1045,Volume Supplies,Kitchen,77.99,GBP,"A made-up saucepan for ACME's volume test, number 1045."
VS-01046,Brass desk lamp 1046,Volume Supplies,Lighting,78.99,GBP,"A made-up desk lamp for ACME's volume test, number 1046."
VS-01047,LED strip light 2 m 1047,Volume Supplies,Lighting,79.99,GBP,
VS-01048,Hand trowel 1048,Volume Supplies,Garden,80.99,GBP,"A made-up trowel for ACME's volume test, number 1048."
VS-01049,Rubber garden hose 15 m 1049,Volume Supplies,Garden,81.99,GBP,"A made-up garden hose for ACME's volume test, number 1049."
VS-01050,S/S hand trowel 1050,Volume Supplies,Kitchen,82.99,GBP,
VS-01051,Ceramic mixing bowl 1051,Volume Supplies,Kitchen,83.99,GBP,"A made-up mixing bowl for ACME's volume test, number 1051."
VS-01052,Saucepan 18 cm 1052,Volume Supplies,Kitchen,84.99,GBP,"A made-up saucepan for ACME's volume test, number 1052."
VS-01053,Brass desk lamp 1053,Volume Supplies,Lighting,85.99,GBP,
VS-01054,LED strip light 2 m 1054,Volume Supplies,Lighting,86.99,GBP,"A made-up strip light for ACME's volume test, number 1054."
VS-01055,Hand trowel 1055,Volume Supplies,Garden,87.99,GBP,"A made-up trowel for ACME's volume test, number 1055."
VS-01056,Rubber garden hose 15 m 1056,Volume Supplies,Garden,88.99,GBP,
VS-01057,Kettle 1.7 L 1057,Volume Supplies,Kitchen,89.99,GBP,"A made-up kettle for ACME's volume test, number 1057."
VS-01058,Ceramic mixing bowl 1058,Volume Supplies,Kitchen,90.99,GBP,"A made-up mixing bowl for ACME's volume test, number 1058."
VS-01059,Saucepan 18 cm 1059,Volume Supplies,Kitchen,91.99,GBP,
VS-01060,S/S kettle 1060,Volume Supplies,Lighting,92.99,GBP,"A made-up kettle for ACME's volume test, number 1060."
VS-01061,LED strip light 2 m 1061,Volume Supplies,Lighting,93.99,GBP,"A made-up strip light for ACME's volume test, number 1061."
VS-01062,Hand trowel 1062,Volume Supplies,Garden,94.99,GBP,
VS-01063,Rubber garden hose 15 m 1063,Volume Supplies,Garden,95.99,GBP,"A made-up garden hose for ACME's volume test, number 1063."
VS-01064,Kettle 1.7 L 1064,Volume Supplies,Kitchen,96.99,GBP,"A made-up kettle for ACME's volume test, number 1064."
VS-01065,Ceramic mixing bowl 1065,Volume Supplies,Kitchen,97.99,GBP,
VS-01066,Saucepan 18 cm 1066,Volume Supplies,Kitchen,98.99,GBP,"A made-up saucepan for ACME's volume test, number 1066."
VS-01067,Brass desk lamp 1067,Volume Supplies,Lighting,2.99,GBP,"A made-up desk lamp for ACME's volume test, number 1067."
VS-01068,LED strip light 2 m 1068,Volume Supplies,Lighting,3.99,GBP,
VS-01069,Hand trowel 1069,Volume Supplies,Garden,4.99,GBP,"A made-up trowel for ACME's volume test, number 1069."
VS-01070,S/S hand trowel 1070,Volume Supplies,Garden,5.99,GBP,"A made-up hand trowel for ACME's volume test, number 1070."
VS-01071,Kettle 1.7 L 1071,Volume Supplies,Kitchen,6.99,GBP,
VS-01072,Ceramic mixing bowl 1072,Volume Supplies,Kitchen,7.99,GBP,"A made-up mixing bowl for ACME's volume test, number 1072."
VS-01073,Saucepan 18 cm 1073,Volume Supplies,Kitchen,8.99,GBP,"A made-up saucepan for ACME's volume test, number 1073."
VS-01074,Brass desk lamp 1074,Volume Supplies,Lighting,9.99,GBP,
VS-01075,LED strip light 2 m 1075,Volume Supplies,Lighting,10.99,GBP,"A made-up strip light for ACME's volume test, number 1075."
VS-01076,Hand trowel 1076,Volume Supplies,Garden,11.99,GBP,"A made-up trowel for ACME's volume test, number 1076."
VS-01077,Rubber garden hose 15 m 1077,Volume Supplies,Garden,12.99,GBP,
VS-01078,Kettle 1.7 L 1078,Volume Supplies,Kitchen,13.99,GBP,"A made-up kettle for ACME's volume test, number 1078."
VS-01079,Ceramic mixing bowl 1079,Volume Supplies,Kitchen,14.99,GBP,"A made-up mixing bowl for ACME's volume test, number 1079."
VS-01080,S/S kettle 1080,Volume Supplies,Kitchen,15.99,GBP,
VS-01081,Brass desk lamp 1081,Volume Supplies,Lighting,16.99,GBP,"A made-up desk lamp for ACME's volume test, number 1081."
VS-01082,LED strip light 2 m 1082,Volume Supplies,Lighting,17.99,GBP,"A made-up strip light for ACME's volume test, number 1082."
VS-01083,Hand trowel 1083,Volume Supplies,Garden,18.99,GBP,
VS-01084,Rubber garden hose 15 m 1084,Volume Supplies,Garden,19.99,GBP,"A made-up garden hose for ACME's volume test, number 1084."
VS-01085,Kettle 1.7 L 1085,Volume Supplies,Kitchen,20.99,GBP,"A made-up kettle for ACME's volume test, number 1085."
VS-01086,Ceramic mixing bowl 1086,Volume Supplies,Kitchen,21.99,GBP,
VS-01087,Saucepan 18 cm 1087,Volume Supplies,Kitchen,22.99,GBP,"A made-up saucepan for ACME's volume test, number 1087."
VS-01088,Brass desk lamp 1088,Volume Supplies,Lighting,23.99,GBP,"A made-up desk lamp for ACME's volume test, number 1088."
VS-01089,LED strip light 2 m 1089,Volume Supplies,Lighting,24.99,GBP,
VS-01090,S/S hand trowel 1090,Volume Supplies,Garden,25.99,GBP,"A made-up hand trowel for ACME's volume test, number 1090."
VS-01091,Rubber garden hose 15 m 1091,Volume Supplies,Garden,26.99,GBP,"A made-up garden hose for ACME's volume test, number 1091."
VS-01092,Kettle 1.7 L 1092,Volume Supplies,Kitchen,27.99,GBP,
VS-01093,Ceramic mixing bowl 1093,Volume Supplies,Kitchen,28.99,GBP,"A made-up mixing bowl for ACME's volume test, number 1093."
VS-01094,Saucepan 18 cm 1094,Volume Supplies,Kitchen,29.99,GBP,"A made-up saucepan for ACME's volume test, number 1094."
VS-01095,Brass desk lamp 1095,Volume Supplies,Lighting,30.99,GBP,
VS-01096,LED strip light 2 m 1096,Volume Supplies,Lighting,31.99,GBP,"A made-up strip light for ACME's volume test, number 1096."
VS-01097,Hand trowel 1097,Volume Supplies,Garden,32.99,GBP,"A made-up trowel for ACME's volume test, number 1097."
VS-01098,Rubber garden hose 15 m 1098,Volume Supplies,Garden,33.99,GBP,
VS-01099,Kettle 1.7 L 1099,Volume Supplies,Kitchen,34.99,GBP,"A made-up kettle for ACME's volume test, number 1099."
VS-01100,S/S kettle 1100,Volume Supplies,Kitchen,35.99,GBP,"A made-up kettle for ACME's volume test, number 1100."
VS-01101,Saucepan 18 cm 1101,Volume Supplies,Kitchen,36.99,GBP,
VS-01102,Brass desk lamp 1102,Volume Supplies,Lighting,37.99,GBP,"A made-up desk lamp for ACME's volume test, number 1102."
VS-01103,LED strip light 2 m 1103,Volume Supplies,Lighting,38.99,GBP,"A made-up strip light for ACME's volume test, number 1103."
VS-01104,Hand trowel 1104,Volume Supplies,Garden,39.99,GBP,
VS-01105,Rubber garden hose 15 m 1105,Volume Supplies,Garden,40.99,GBP,"A made-up garden hose for ACME's volume test, number 1105."
VS-01106,Kettle 1.7 L 1106,Volume Supplies,Kitchen,41.99,GBP,"A made-up kettle for ACME's volume test, number 1106."
VS-01107,Ceramic mixing bowl 1107,Volume Supplies,Kitchen,42.99,GBP,
VS-01108,Saucepan 18 cm 1108,Volume Supplies,Kitchen,43.99,GBP,"A made-up saucepan for ACME's volume test, number 1108."
VS-01109,Brass desk lamp 1109,Volume Supplies,Lighting,44.99,GBP,"A made-up desk lamp for ACME's volume test, number 1109."
VS-01110,S/S hand trowel 1110,Volume Supplies,Lighting,45.99,GBP,
VS-01111,Hand trowel 1111,Volume Supplies,Garden,46.99,GBP,"A made-up trowel for ACME's volume test, number 1111."
VS-01112,Rubber garden hose 15 m 1112,Volume Supplies,Garden,47.99,GBP,"A made-up garden hose for ACME's volume test, number 1112."
VS-01113,Kettle 1.7 L 1113,Volume Supplies,Kitchen,48.99,GBP,
VS-01114,Ceramic mixing bowl 1114,Volume Supplies,Kitchen,49.99,GBP,"A made-up mixing bowl for ACME's volume test, number 1114."
VS-01115,Saucepan 18 cm 1115,Volume Supplies,Kitchen,50.99,GBP,"A made-up saucepan for ACME's volume test, number 1115."
VS-01116,Brass desk lamp 1116,Volume Supplies,Lighting,51.99,GBP,
VS-01117,LED strip light 2 m 1117,Volume Supplies,Lighting,52.99,GBP,"A made-up strip light for ACME's volume test, number 1117."
VS-01118,Hand trowel 1118,Volume Supplies,Garden,53.99,GBP,"A made-up trowel for ACME's volume test, number 1118."
VS-01119,Rubber garden hose 15 m 1119,Volume Supplies,Garden,54.99,GBP,
VS-01120,S/S kettle 1120,Volume Supplies,Kitchen,55.99,GBP,"A made-up kettle for ACME's volume test, number 1120."
VS-01121,Ceramic mixing bowl 1121,Volume Supplies,Kitchen,56.99,GBP,"A made-up mixing bowl for ACME's volume test, number 1121."
VS-01122,Saucepan 18 cm 1122,Volume Supplies,Kitchen,57.99,GBP,
VS-01123,Brass desk lamp 1123,Volume Supplies,Lighting,58.99,GBP,"A made-up desk lamp for ACME's volume test, number 1123."
VS-01124,LED strip light 2 m 1124,Volume Supplies,Lighting,59.99,GBP,"A made-up strip light for ACME's volume test, number 1124."
VS-01125,Hand trowel 1125,Volume Supplies,Garden,60.99,GBP,
VS-01126,Rubber garden hose 15 m 1126,Volume Supplies,Garden,61.99,GBP,"A made-up garden hose for ACME's volume test, number 1126."
VS-01127,Kettle 1.7 L 1127,Volume Supplies,Kitchen,62.99,GBP,"A made-up kettle for ACME's volume test, number 1127."
VS-01128,Ceramic mixing bowl 1128,Volume Supplies,Kitchen,63.99,GBP,
VS-01129,Saucepan 18 cm 1129,Volume Supplies,Kitchen,64.99,GBP,"A made-up saucepan for ACME's volume test, number 1129."
VS-01130,S/S hand trowel 1130,Volume Supplies,Lighting,65.99,GBP,"A made-up hand trowel for ACME's volume test, number 1130."
VS-01131,LED strip light 2 m 1131,Volume Supplies,Lighting,66.99,GBP,
VS-01132,Hand trowel 1132,Volume Supplies,Garden,67.99,GBP,"A made-up trowel for ACME's volume test, number 1132."
VS-01133,Rubber garden hose 15 m 1133,Volume Supplies,Garden,68.99,GBP,"A made-up garden hose for ACME's volume test, number 1133."
VS-01134,Kettle 1.7 L 1134,Volume Supplies,Kitchen,69.99,GBP,
VS-01135,Ceramic mixing bowl 1135,Volume Supplies,Kitchen,70.99,GBP,"A made-up mixing bowl for ACME's volume test, number 1135."
VS-01136,Saucepan 18 cm 1136,Volume Supplies,Kitchen,71.99,GBP,"A made-up saucepan for ACME's volume test, number 1136."
VS-01137,Brass desk lamp 1137,Volume Supplies,Lighting,72.99,GBP,
VS-01138,LED strip light 2 m 1138,Volume Supplies,Lighting,73.99,GBP,"A made-up strip light for ACME's volume test, number 1138."
VS-01139,Hand trowel 1139,Volume Supplies,Garden,74.99,GBP,"A made-up trowel for ACME's volume test, number 1139."
VS-01140,S/S kettle 1140,Volume Supplies,Garden,75.99,GBP,
VS-01141,Kettle 1.7 L 1141,Volume Supplies,Kitchen,76.99,GBP,"A made-up kettle for ACME's volume test, number 1141."
VS-01142,Ceramic mixing bowl 1142,Volume Supplies,Kitchen,77.99,GBP,"A made-up mixing bowl for ACME's volume test, number 1142."
VS-01143,Saucepan 18 cm 1143,Volume Supplies,Kitchen,78.99,GBP,
VS-01144,Brass desk lamp 1144,Volume Supplies,Lighting,79.99,GBP,"A made-up desk lamp for ACME's volume test, number 1144."
VS-01145,LED strip light 2 m 1145,Volume Supplies,Lighting,80.99,GBP,"A made-up strip light for ACME's volume test, number 1145."
VS-01146,Hand trowel 1146,Volume Supplies,Garden,81.99,GBP,
VS-01147,Rubber garden hose 15 m 1147,Volume Supplies,Garden,82.99,GBP,"A made-up garden hose for ACME's volume test, number 1147."
VS-01148,Kettle 1.7 L 1148,Volume Supplies,Kitchen,83.99,GBP,"A made-up kettle for ACME's volume test, number 1148."
VS-01149,Ceramic mixing bowl 1149,Volume Supplies,Kitchen,84.99,GBP,
VS-01150,S/S hand trowel 1150,Volume Supplies,Kitchen,85.99,GBP,"A made-up hand trowel for ACME's volume test, number 1150."
VS-01151,Brass desk lamp 1151,Volume Supplies,Lighting,86.99,GBP,"A made-up desk lamp for ACME's volume test, number 1151."
VS-01152,LED strip light 2 m 1152,Volume Supplies,Lighting,87.99,GBP,
VS-01153,Hand trowel 1153,Volume Supplies,Garden,88.99,GBP,"A made-up trowel for ACME's volume test, number 1153."
VS-01154,Rubber garden hose 15 m 1154,Volume Supplies,Garden,89.99,GBP,"A made-up garden hose for ACME's volume test, number 1154."
VS-01155,Kettle 1.7 L 1155,Volume Supplies,Kitchen,90.99,GBP,
VS-01156,Ceramic mixing bowl 1156,Volume Supplies,Kitchen,91.99,GBP,"A made-up mixing bowl for ACME's volume test, number 1156."
VS-01157,Saucepan 18 cm 1157,Volume Supplies,Kitchen,92.99,GBP,"A made-up saucepan for ACME's volume test, number 1157."
VS-01158,Brass desk lamp 1158,Volume Supplies,Lighting,93.99,GBP,
VS-01159,LED strip light 2 m 1159,Volume Supplies,Lighting,94.99,GBP,"A made-up strip light for ACME's volume test, number 1159."
VS-01160,S/S kettle 1160,Volume Supplies,Garden,95.99,GBP,"A made-up kettle for ACME's volume test, number 1160."
VS-01161,Rubber garden hose 15 m 1161,Volume Supplies,Garden,96.99,GBP,
VS-01162,Kettle 1.7 L 1162,Volume Supplies,Kitchen,97.99,GBP,"A made-up kettle for ACME's volume test, number 1162."
VS-01163,Ceramic mixing bowl 1163,Volume Supplies,Kitchen,98.99,GBP,"A made-up mixing bowl for ACME's volume test, number 1163."
VS-01164,Saucepan 18 cm 1164,Volume Supplies,Kitchen,2.99,GBP,
VS-01165,Brass desk lamp 1165,Volume Supplies,Lighting,3.99,GBP,"A made-up desk lamp for ACME's volume test, number 1165."
VS-01166,LED strip light 2 m 1166,Volume Supplies,Lighting,4.99,GBP,"A made-up strip light for ACME's volume test, number 1166."
VS-01167,Hand trowel 1167,Volume Supplies,Garden,5.99,GBP,
VS-01168,Rubber garden hose 15 m 1168,Volume Supplies,Garden,6.99,GBP,"A made-up garden hose for ACME's volume test, number 1168."
VS-01169,Kettle 1.7 L 1169,Volume Supplies,Kitchen,7.99,GBP,"A made-up kettle for ACME's volume test, number 1169."
VS-01170,S/S hand trowel 1170,Volume Supplies,Kitchen,8.99,GBP,
VS-01171,Saucepan 18 cm 1171,Volume Supplies,Kitchen,9.99,GBP,"A made-up saucepan for ACME's volume test, number 1171."
VS-01172,Brass desk lamp 1172,Volume Supplies,Lighting,10.99,GBP,"A made-up desk lamp for ACME's volume test, number 1172."
VS-01173,LED strip light 2 m 1173,Volume Supplies,Lighting,11.99,GBP,
VS-01174,Hand trowel 1174,Volume Supplies,Garden,12.99,GBP,"A made-up trowel for ACME's volume test, number 1174."
VS-01175,Rubber garden hose 15 m 1175,Volume Supplies,Garden,13.99,GBP,"A made-up garden hose for ACME's volume test, number 1175."
VS-01176,Kettle 1.7 L 1176,Volume Supplies,Kitchen,14.99,GBP,
VS-01177,Ceramic mixing bowl 1177,Volume Supplies,Kitchen,15.99,GBP,"A made-up mixing bowl for ACME's volume test, number 1177."
VS-01178,Saucepan 18 cm 1178,Volume Supplies,Kitchen,16.99,GBP,"A made-up saucepan for ACME's volume test, number 1178."
VS-01179,Brass desk lamp 1179,Volume Supplies,Lighting,17.99,GBP,
VS-01180,S/S kettle 1180,Volume Supplies,Lighting,18.99,GBP,"A made-up kettle for ACME's volume test, number 1180."
VS-01181,Hand trowel 1181,Volume Supplies,Garden,19.99,GBP,"A made-up trowel for ACME's volume test, number 1181."
VS-01182,Rubber garden hose 15 m 1182,Volume Supplies,Garden,20.99,GBP,
VS-01183,Kettle 1.7 L 1183,Volume Supplies,Kitchen,21.99,GBP,"A made-up kettle for ACME's volume test, number 1183."
VS-01184,Ceramic mixing bowl 1184,Volume Supplies,Kitchen,22.99,GBP,"A made-up mixing bowl for ACME's volume test, number 1184."
VS-01185,Saucepan 18 cm 1185,Volume Supplies,Kitchen,23.99,GBP,
VS-01186,Brass desk lamp 1186,Volume Supplies,Lighting,24.99,GBP,"A made-up desk lamp for ACME's volume test, number 1186."
VS-01187,LED strip light 2 m 1187,Volume Supplies,Lighting,25.99,GBP,"A made-up strip light for ACME's volume test, number 1187."
VS-01188,Hand trowel 1188,Volume Supplies,Garden,26.99,GBP,
VS-01189,Rubber garden hose 15 m 1189,Volume Supplies,Garden,27.99,GBP,"A made-up garden hose for ACME's volume test, number 1189."
VS-01190,S/S hand trowel 1190,Volume Supplies,Kitchen,28.99,GBP,"A made-up hand trowel for ACME's volume test, number 1190."
VS-01191,Ceramic mixing bowl 1191,Volume Supplies,Kitchen,29.99,GBP,
VS-01192,Saucepan 18 cm 1192,Volume Supplies,Kitchen,30.99,GBP,"A made-up saucepan for ACME's volume test, number 1192."
VS-01193,Brass desk lamp 1193,Volume Supplies,Lighting,31.99,GBP,"A made-up desk lamp for ACME's volume test, number 1193."
VS-01194,LED strip light 2 m 1194,Volume Supplies,Lighting,32.99,GBP,
VS-01195,Hand trowel 1195,Volume Supplies,Garden,33.99,GBP,"A made-up trowel for ACME's volume test, number 1195."
VS-01196,Rubber garden hose 15 m 1196,Volume Supplies,Garden,34.99,GBP,"A made-up garden hose for ACME's volume test, number 1196."
VS-01197,Kettle 1.7 L 1197,Volume Supplies,Kitchen,35.99,GBP,
VS-01198,Ceramic mixing bowl 1198,Volume Supplies,Kitchen,36.99,GBP,"A made-up mixing bowl for ACME's volume test, number 1198."
VS-01199,Saucepan 18 cm 1199,Volume Supplies,Kitchen,37.99,GBP,"A made-up saucepan for ACME's volume test, number 1199."
VS-01200,S/S kettle 1200,Volume Supplies,Lighting,38.99,GBP,
VS-01201,LED strip light 2 m 1201,Volume Supplies,Lighting,39.99,GBP,"A made-up strip light for ACME's volume test, number 1201."
VS-01202,Hand trowel 1202,Volume Supplies,Garden,40.99,GBP,"A made-up trowel for ACME's volume test, number 1202."
VS-01203,Rubber garden hose 15 m 1203,Volume Supplies,Garden,41.99,GBP,
VS-01204,Kettle 1.7 L 1204,Volume Supplies,Kitchen,42.99,GBP,"A made-up kettle for ACME's volume test, number 1204."
VS-01205,Ceramic mixing bowl 1205,Volume Supplies,Kitchen,43.99,GBP,"A made-up mixing bowl for ACME's volume test, number 1205."
VS-01206,Saucepan 18 cm 1206,Volume Supplies,Kitchen,44.99,GBP,
VS-01207,Brass desk lamp 1207,Volume Supplies,Lighting,45.99,GBP,"A made-up desk lamp for ACME's volume test, number 1207."
VS-01208,LED strip light 2 m 1208,Volume Supplies,Lighting,46.99,GBP,"A made-up strip light for ACME's volume test, number 1208."
VS-01209,Hand trowel 1209,Volume Supplies,Garden,47.99,GBP,
VS-01210,S/S hand trowel 1210,Volume Supplies,Garden,48.99,GBP,"A made-up hand trowel for ACME's volume test, number 1210."
VS-01211,Kettle 1.7 L 1211,Volume Supplies,Kitchen,49.99,GBP,"A made-up kettle for ACME's volume test, number 1211."
VS-01212,Ceramic mixing bowl 1212,Volume Supplies,Kitchen,50.99,GBP,
VS-01213,Saucepan 18 cm 1213,Volume Supplies,Kitchen,51.99,GBP,"A made-up saucepan for ACME's volume test, number 1213."
VS-01214,Brass desk lamp 1214,Volume Supplies,Lighting,52.99,GBP,"A made-up desk lamp for ACME's volume test, number 1214."
VS-01215,LED strip light 2 m 1215,Volume Supplies,Lighting,53.99,GBP,
VS-01216,Hand trowel 1216,Volume Supplies,Garden,54.99,GBP,"A made-up trowel for ACME's volume test, number 1216."
VS-01217,Rubber garden hose 15 m 1217,Volume Supplies,Garden,55.99,GBP,"A made-up garden hose for ACME's volume test, number 1217."
VS-01218,Kettle 1.7 L 1218,Volume Supplies,Kitchen,56.99,GBP,
VS-01219,Ceramic mixing bowl 1219,Volume Supplies,Kitchen,57.99,GBP,"A made-up mixing bowl for ACME's volume test, number 1219."
VS-01220,S/S kettle 1220,Volume Supplies,Kitchen,58.99,GBP,"A made-up kettle for ACME's volume test, number 1220."
VS-01221,Brass desk lamp 1221,Volume Supplies,Lighting,59.99,GBP,
VS-01222,LED strip light 2 m 1222,Volume Supplies,Lighting,60.99,GBP,"A made-up strip light for ACME's volume test, number 1222."
VS-01223,Hand trowel 1223,Volume Supplies,Garden,61.99,GBP,"A made-up trowel for ACME's volume test, number 1223."
VS-01224,Rubber garden hose 15 m 1224,Volume Supplies,Garden,62.99,GBP,
VS-01225,Kettle 1.7 L 1225,Volume Supplies,Kitchen,63.99,GBP,"A made-up kettle for ACME's volume test, number 1225."
VS-01226,Ceramic mixing bowl 1226,Volume Supplies,Kitchen,64.99,GBP,"A made-up mixing bowl for ACME's volume test, number 1226."
VS-01227,Saucepan 18 cm 1227,Volume Supplies,Kitchen,65.99,GBP,
VS-01228,Brass desk lamp 1228,Volume Supplies,Lighting,66.99,GBP,"A made-up desk lamp for ACME's volume test, number 1228."
VS-01229,LED strip light 2 m 1229,Volume Supplies,Lighting,67.99,GBP,"A made-up strip light for ACME's volume test, number 1229."
VS-01230,S/S hand trowel 1230,Volume Supplies,Garden,68.99,GBP,
VS-01231,Rubber garden hose 15 m 1231,Volume Supplies,Garden,69.99,GBP,"A made-up garden hose for ACME's volume test, number 1231."
VS-01232,Kettle 1.7 L 1232,Volume Supplies,Kitchen,70.99,GBP,"A made-up kettle for ACME's volume test, number 1232."
VS-01233,Ceramic mixing bowl 1233,Volume Supplies,Kitchen,71.99,GBP,
VS-01234,Saucepan 18 cm 1234,Volume Supplies,Kitchen,72.99,GBP,"A made-up saucepan for ACME's volume test, number 1234."
VS-01235,Brass desk lamp 1235,Volume Supplies,Lighting,73.99,GBP,"A made-up desk lamp for ACME's volume test, number 1235."
VS-01236,LED strip light 2 m 1236,Volume Supplies,Lighting,74.99,GBP,
VS-01237,Hand trowel 1237,Volume Supplies,Garden,75.99,GBP,"A made-up trowel for ACME's volume test, number 1237."
VS-01238,Rubber garden hose 15 m 1238,Volume Supplies,Garden,76.99,GBP,"A made-up garden hose for ACME's volume test, number 1238."
VS-01239,Kettle 1.7 L 1239,Volume Supplies,Kitchen,77.99,GBP,
VS-01240,S/S kettle 1240,Volume Supplies,Kitchen,78.99,GBP,"A made-up kettle for ACME's volume test, number 1240."
VS-01241,Saucepan 18 cm 1241,Volume Supplies,Kitchen,79.99,GBP,"A made-up saucepan for ACME's volume test, number 1241."
VS-01242,Brass desk lamp 1242,Volume Supplies,Lighting,80.99,GBP,
VS-01243,LED strip light 2 m 1243,Volume Supplies,Lighting,81.99,GBP,"A made-up strip light for ACME's volume test, number 1243."
VS-01244,Hand trowel 1244,Volume Supplies,Garden,82.99,GBP,"A made-up trowel for ACME's volume test, number 1244."
VS-01245,Rubber garden hose 15 m 1245,Volume Supplies,Garden,83.99,GBP,
VS-01246,Kettle 1.7 L 1246,Volume Supplies,Kitchen,84.99,GBP,"A made-up kettle for ACME's volume test, number 1246."
VS-01247,Ceramic mixing bowl 1247,Volume Supplies,Kitchen,85.99,GBP,"A made-up mixing bowl for ACME's volume test, number 1247."
VS-01248,Saucepan 18 cm 1248,Volume Supplies,Kitchen,86.99,GBP,
VS-01249,Brass desk lamp 1249,Volume Supplies,Lighting,87.99,GBP,"A made-up desk lamp for ACME's volume test, number 1249."
VS-01250,S/S hand trowel 1250,Volume Supplies,Lighting,88.99,GBP,"A made-up hand trowel for ACME's volume test, number 1250."
VS-01251,Hand trowel 1251,Volume Supplies,Garden,89.99,GBP,
VS-01252,Rubber garden hose 15 m 1252,Volume Supplies,Garden,90.99,GBP,"A made-up garden hose for ACME's volume test, number 1252."
VS-01253,Kettle 1.7 L 1253,Volume Supplies,Kitchen,91.99,GBP,"A made-up kettle for ACME's volume test, number 1253."
VS-01254,Ceramic mixing bowl 1254,Volume Supplies,Kitchen,92.99,GBP,
VS-01255,Saucepan 18 cm 1255,Volume Supplies,Kitchen,93.99,GBP,"A made-up saucepan for ACME's volume test, number 1255."
VS-01256,Brass desk lamp 1256,Volume Supplies,Lighting,94.99,GBP,"A made-up desk lamp for ACME's volume test, number 1256."
VS-01257,LED strip light 2 m 1257,Volume Supplies,Lighting,95.99,GBP,
VS-01258,Hand trowel 1258,Volume Supplies,Garden,96.99,GBP,"A made-up trowel for ACME's volume test, number 1258."
VS-01259,Rubber garden hose 15 m 1259,Volume Supplies,Garden,97.99,GBP,"A made-up garden hose for ACME's volume test, number 1259."
VS-01260,S/S kettle 1260,Volume Supplies,Kitchen,98.99,GBP,
VS-01261,Ceramic mixing bowl 1261,Volume Supplies,Kitchen,2.99,GBP,"A made-up mixing bowl for ACME's volume test, number 1261."
VS-01262,Saucepan 18 cm 1262,Volume Supplies,Kitchen,3.99,GBP,"A made-up saucepan for ACME's volume test, number 1262."
VS-01263,Brass desk lamp 1263,Volume Supplies,Lighting,4.99,GBP,
VS-01264,LED strip light 2 m 1264,Volume Supplies,Lighting,5.99,GBP,"A made-up strip light for ACME's volume test, number 1264."
VS-01265,Hand trowel 1265,Volume Supplies,Garden,6.99,GBP,"A made-up trowel for ACME's volume test, number 1265."
VS-01266,Rubber garden hose 15 m 1266,Volume Supplies,Garden,7.99,GBP,
VS-01267,Kettle 1.7 L 1267,Volume Supplies,Kitchen,8.99,GBP,"A made-up kettle for ACME's volume test, number 1267."
VS-01268,Ceramic mixing bowl 1268,Volume Supplies,Kitchen,9.99,GBP,"A made-up mixing bowl for ACME's volume test, number 1268."
VS-01269,Saucepan 18 cm 1269,Volume Supplies,Kitchen,10.99,GBP,
VS-01270,S/S hand trowel 1270,Volume Supplies,Lighting,11.99,GBP,"A made-up hand trowel for ACME's volume test, number 1270."
VS-01271,LED strip light 2 m 1271,Volume Supplies,Lighting,12.99,GBP,"A made-up strip light for ACME's volume test, number 1271."
VS-01272,Hand trowel 1272,Volume Supplies,Garden,13.99,GBP,
VS-01273,Rubber garden hose 15 m 1273,Volume Supplies,Garden,14.99,GBP,"A made-up garden hose for ACME's volume test, number 1273."
VS-01274,Kettle 1.7 L 1274,Volume Supplies,Kitchen,15.99,GBP,"A made-up kettle for ACME's volume test, number 1274."
VS-01275,Ceramic mixing bowl 1275,Volume Supplies,Kitchen,16.99,GBP,
VS-01276,Saucepan 18 cm 1276,Volume Supplies,Kitchen,17.99,GBP,"A made-up saucepan for ACME's volume test, number 1276."
VS-01277,Brass desk lamp 1277,Volume Supplies,Lighting,18.99,GBP,"A made-up desk lamp for ACME's volume test, number 1277."
VS-01278,LED strip light 2 m 1278,Volume Supplies,Lighting,19.99,GBP,
VS-01279,Hand trowel 1279,Volume Supplies,Garden,20.99,GBP,"A made-up trowel for ACME's volume test, number 1279."
VS-01280,S/S kettle 1280,Volume Supplies,Garden,21.99,GBP,"A made-up kettle for ACME's volume test, number 1280."
VS-01281,Kettle 1.7 L 1281,Volume Supplies,Kitchen,22.99,GBP,
VS-01282,Ceramic mixing bowl 1282,Volume Supplies,Kitchen,23.99,GBP,"A made-up mixing bowl for ACME's volume test, number 1282."
VS-01283,Saucepan 18 cm 1283,Volume Supplies,Kitchen,24.99,GBP,"A made-up saucepan for ACME's volume test, number 1283."
VS-01284,Brass desk lamp 1284,Volume Supplies,Lighting,25.99,GBP,
VS-01285,LED strip light 2 m 1285,Volume Supplies,Lighting,26.99,GBP,"A made-up strip light for ACME's volume test, number 1285."
VS-01286,Hand trowel 1286,Volume Supplies,Garden,27.99,GBP,"A made-up trowel for ACME's volume test, number 1286."
VS-01287,Rubber garden hose 15 m 1287,Volume Supplies,Garden,28.99,GBP,
VS-01288,Kettle 1.7 L 1288,Volume Supplies,Kitchen,29.99,GBP,"A made-up kettle for ACME's volume test, number 1288."
VS-01289,Ceramic mixing bowl 1289,Volume Supplies,Kitchen,30.99,GBP,"A made-up mixing bowl for ACME's volume test, number 1289."
VS-01290,S/S hand trowel 1290,Volume Supplies,Kitchen,31.99,GBP,
VS-01291,Brass desk lamp 1291,Volume Supplies,Lighting,32.99,GBP,"A made-up desk lamp for ACME's volume test, number 1291."
VS-01292,LED strip light 2 m 1292,Volume Supplies,Lighting,33.99,GBP,"A made-up strip light for ACME's volume test, number 1292."
VS-01293,Hand trowel 1293,Volume Supplies,Garden,34.99,GBP,
VS-01294,Rubber garden hose 15 m 1294,Volume Supplies,Garden,35.99,GBP,"A made-up garden hose for ACME's volume test, number 1294."
VS-01295,Kettle 1.7 L 1295,Volume Supplies,Kitchen,36.99,GBP,"A made-up kettle for ACME's volume test, number 1295."
VS-01296,Ceramic mixing bowl 1296,Volume Supplies,Kitchen,37.99,GBP,
VS-01297,Saucepan 18 cm 1297,Volume Supplies,Kitchen,38.99,GBP,"A made-up saucepan for ACME's volume test, number 1297."
VS-01298,Brass desk lamp 1298,Volume Supplies,Lighting,39.99,GBP,"A made-up desk lamp for ACME's volume test, number 1298."
VS-01299,LED strip light 2 m 1299,Volume Supplies,Lighting,40.99,GBP,
VS-01300,S/S kettle 1300,Volume Supplies,Garden,41.99,GBP,"A made-up kettle for ACME's volume test, number 1300."
VS-01301,Rubber garden hose 15 m 1301,Volume Supplies,Garden,42.99,GBP,"A made-up garden hose for ACME's volume test, number 1301."
VS-01302,Kettle 1.7 L 1302,Volume Supplies,Kitchen,43.99,GBP,
VS-01303,Ceramic mixing bowl 1303,Volume Supplies,Kitchen,44.99,GBP,"A made-up mixing bowl for ACME's volume test, number 1303."
VS-01304,Saucepan 18 cm 1304,Volume Supplies,Kitchen,45.99,GBP,"A made-up saucepan for ACME's volume test, number 1304."
VS-01305,Brass desk lamp 1305,Volume Supplies,Lighting,46.99,GBP,
VS-01306,LED strip light 2 m 1306,Volume Supplies,Lighting,47.99,GBP,"A made-up strip light for ACME's volume test, number 1306."
VS-01307,Hand trowel 1307,Volume Supplies,Garden,48.99,GBP,"A made-up trowel for ACME's volume test, number 1307."
VS-01308,Rubber garden hose 15 m 1308,Volume Supplies,Garden,49.99,GBP,
VS-01309,Kettle 1.7 L 1309,Volume Supplies,Kitchen,50.99,GBP,"A made-up kettle for ACME's volume test, number 1309."
VS-01310,S/S hand trowel 1310,Volume Supplies,Kitchen,51.99,GBP,"A made-up hand trowel for ACME's volume test, number 1310."
VS-01311,Saucepan 18 cm 1311,Volume Supplies,Kitchen,52.99,GBP,
VS-01312,Brass desk lamp 1312,Volume Supplies,Lighting,53.99,GBP,"A made-up desk lamp for ACME's volume test, number 1312."
VS-01313,LED strip light 2 m 1313,Volume Supplies,Lighting,54.99,GBP,"A made-up strip light for ACME's volume test, number 1313."
VS-01314,Hand trowel 1314,Volume Supplies,Garden,55.99,GBP,
VS-01315,Rubber garden hose 15 m 1315,Volume Supplies,Garden,56.99,GBP,"A made-up garden hose for ACME's volume test, number 1315."
VS-01316,Kettle 1.7 L 1316,Volume Supplies,Kitchen,57.99,GBP,"A made-up kettle for ACME's volume test, number 1316."
VS-01317,Ceramic mixing bowl 1317,Volume Supplies,Kitchen,58.99,GBP,
VS-01318,Saucepan 18 cm 1318,Volume Supplies,Kitchen,59.99,GBP,"A made-up saucepan for ACME's volume test, number 1318."
VS-01319,Brass desk lamp 1319,Volume Supplies,Lighting,60.99,GBP,"A made-up desk lamp for ACME's volume test, number 1319."
VS-01320,S/S kettle 1320,Volume Supplies,Lighting,61.99,GBP,
VS-01321,Hand trowel 1321,Volume Supplies,Garden,62.99,GBP,"A made-up trowel for ACME's volume test, number 1321."
VS-01322,Rubber garden hose 15 m 1322,Volume Supplies,Garden,63.99,GBP,"A made-up garden hose for ACME's volume test, number 1322."
VS-01323,Kettle 1.7 L 1323,Volume Supplies,Kitchen,64.99,GBP,
VS-01324,Ceramic mixing bowl 1324,Volume Supplies,Kitchen,65.99,GBP,"A made-up mixing bowl for ACME's volume test, number 1324."
VS-01325,Saucepan 18 cm 1325,Volume Supplies,Kitchen,66.99,GBP,"A made-up saucepan for ACME's volume test, number 1325."
VS-01326,Brass desk lamp 1326,Volume Supplies,Lighting,67.99,GBP,
VS-01327,LED strip light 2 m 1327,Volume Supplies,Lighting,68.99,GBP,"A made-up strip light for ACME's volume test, number 1327."
VS-01328,Hand trowel 1328,Volume Supplies,Garden,69.99,GBP,"A made-up trowel for ACME's volume test, number 1328."
VS-01329,Rubber garden hose 15 m 1329,Volume Supplies,Garden,70.99,GBP,
VS-01330,S/S hand trowel 1330,Volume Supplies,Kitchen,71.99,GBP,"A made-up hand trowel for ACME's volume test, number 1330."
VS-01331,Ceramic mixing bowl 1331,Volume Supplies,Kitchen,72.99,GBP,"A made-up mixing bowl for ACME's volume test, number 1331."
VS-01332,Saucepan 18 cm 1332,Volume Supplies,Kitchen,73.99,GBP,
VS-01333,Brass desk lamp 1333,Volume Supplies,Lighting,74.99,GBP,"A made-up desk lamp for ACME's volume test, number 1333."
VS-01334,LED strip light 2 m 1334,Volume Supplies,Lighting,75.99,GBP,"A made-up strip light for ACME's volume test, number 1334."
VS-01335,Hand trowel 1335,Volume Supplies,Garden,76.99,GBP,
VS-01336,Rubber garden hose 15 m 1336,Volume Supplies,Garden,77.99,GBP,"A made-up garden hose for ACME's volume test, number 1336."
VS-01337,Kettle 1.7 L 1337,Volume Supplies,Kitchen,78.99,GBP,"A made-up kettle for ACME's volume test, number 1337."
VS-01338,Ceramic mixing bowl 1338,Volume Supplies,Kitchen,79.99,GBP,
VS-01339,Saucepan 18 cm 1339,Volume Supplies,Kitchen,80.99,GBP,"A made-up saucepan for ACME's volume test, number 1339."
VS-01340,S/S kettle 1340,Volume Supplies,Lighting,81.99,GBP,"A made-up kettle for ACME's volume test, number 1340."
VS-01341,LED strip light 2 m 1341,Volume Supplies,Lighting,82.99,GBP,
VS-01342,Hand trowel 1342,Volume Supplies,Garden,83.99,GBP,"A made-up trowel for ACME's volume test, number 1342."
VS-01343,Rubber garden hose 15 m 1343,Volume Supplies,Garden,84.99,GBP,"A made-up garden hose for ACME's volume test, number 1343."
VS-01344,Kettle 1.7 L 1344,Volume Supplies,Kitchen,85.99,GBP,
VS-01345,Ceramic mixing bowl 1345,Volume Supplies,Kitchen,86.99,GBP,"A made-up mixing bowl for ACME's volume test, number 1345."
VS-01346,Saucepan 18 cm 1346,Volume Supplies,Kitchen,87.99,GBP,"A made-up saucepan for ACME's volume test, number 1346."
VS-01347,Brass desk lamp 1347,Volume Supplies,Lighting,88.99,GBP,
VS-01348,LED strip light 2 m 1348,Volume Supplies,Lighting,89.99,GBP,"A made-up strip light for ACME's volume test, number 1348."
VS-01349,Hand trowel 1349,Volume Supplies,Garden,90.99,GBP,"A made-up trowel for ACME's volume test, number 1349."
VS-01350,S/S hand trowel 1350,Volume Supplies,Garden,91.99,GBP,
VS-01351,Kettle 1.7 L 1351,Volume Supplies,Kitchen,92.99,GBP,"A made-up kettle for ACME's volume test, number 1351."
VS-01352,Ceramic mixing bowl 1352,Volume Supplies,Kitchen,93.99,GBP,"A made-up mixing bowl for ACME's volume test, number 1352."
VS-01353,Saucepan 18 cm 1353,Volume Supplies,Kitchen,94.99,GBP,
VS-01354,Brass desk lamp 1354,Volume Supplies,Lighting,95.99,GBP,"A made-up desk lamp for ACME's volume test, number 1354."
VS-01355,LED strip light 2 m 1355,Volume Supplies,Lighting,96.99,GBP,"A made-up strip light for ACME's volume test, number 1355."
VS-01356,Hand trowel 1356,Volume Supplies,Garden,97.99,GBP,
VS-01357,Rubber garden hose 15 m 1357,Volume Supplies,Garden,98.99,GBP,"A made-up garden hose for ACME's volume test, number 1357."
VS-01358,Kettle 1.7 L 1358,Volume Supplies,Kitchen,2.99,GBP,"A made-up kettle for ACME's volume test, number 1358."
VS-01359,Ceramic mixing bowl 1359,Volume Supplies,Kitchen,3.99,GBP,
VS-01360,S/S kettle 1360,Volume Supplies,Kitchen,4.99,GBP,"A made-up kettle for ACME's volume test, number 1360."
VS-01361,Brass desk lamp 1361,Volume Supplies,Lighting,5.99,GBP,"A made-up desk lamp for ACME's volume test, number 1361."
VS-01362,LED strip light 2 m 1362,Volume Supplies,Lighting,6.99,GBP,
VS-01363,Hand trowel 1363,Volume Supplies,Garden,7.99,GBP,"A made-up trowel for ACME's volume test, number 1363."
VS-01364,Rubber garden hose 15 m 1364,Volume Supplies,Garden,8.99,GBP,"A made-up garden hose for ACME's volume test, number 1364."
VS-01365,Kettle 1.7 L 1365,Volume Supplies,Kitchen,9.99,GBP,
VS-01366,Ceramic mixing bowl 1366,Volume Supplies,Kitchen,10.99,GBP,"A made-up mixing bowl for ACME's volume test, number 1366."
VS-01367,Saucepan 18 cm 1367,Volume Supplies,Kitchen,11.99,GBP,"A made-up saucepan for ACME's volume test, number 1367."
VS-01368,Brass desk lamp 1368,Volume Supplies,Lighting,12.99,GBP,
VS-01369,LED strip light 2 m 1369,Volume Supplies,Lighting,13.99,GBP,"A made-up strip light for ACME's volume test, number 1369."
VS-01370,S/S hand trowel 1370,Volume Supplies,Garden,14.99,GBP,"A made-up hand trowel for ACME's volume test, number 1370."
VS-01371,Rubber garden hose 15 m 1371,Volume Supplies,Garden,15.99,GBP,
VS-01372,Kettle 1.7 L 1372,Volume Supplies,Kitchen,16.99,GBP,"A made-up kettle for ACME's volume test, number 1372."
VS-01373,Ceramic mixing bowl 1373,Volume Supplies,Kitchen,17.99,GBP,"A made-up mixing bowl for ACME's volume test, number 1373."
VS-01374,Saucepan 18 cm 1374,Volume Supplies,Kitchen,18.99,GBP,
VS-01375,Brass desk lamp 1375,Volume Supplies,Lighting,19.99,GBP,"A made-up desk lamp for ACME's volume test, number 1375."
VS-01376,LED strip light 2 m 1376,Volume Supplies,Lighting,20.99,GBP,"A made-up strip light for ACME's volume test, number 1376."
VS-01377,Hand trowel 1377,Volume Supplies,Garden,21.99,GBP,
VS-01378,Rubber garden hose 15 m 1378,Volume Supplies,Garden,22.99,GBP,"A made-up garden hose for ACME's volume test, number 1378."
VS-01379,Kettle 1.7 L 1379,Volume Supplies,Kitchen,23.99,GBP,"A made-up kettle for ACME's volume test, number 1379."
VS-01380,S/S kettle 1380,Volume Supplies,Kitchen,24.99,GBP,
VS-01381,Saucepan 18 cm 1381,Volume Supplies,Kitchen,25.99,GBP,"A made-up saucepan for ACME's volume test, number 1381."
VS-01382,Brass desk lamp 1382,Volume Supplies,Lighting,26.99,GBP,"A made-up desk lamp for ACME's volume test, number 1382."
VS-01383,LED strip light 2 m 1383,Volume Supplies,Lighting,27.99,GBP,
VS-01384,Hand trowel 1384,Volume Supplies,Garden,28.99,GBP,"A made-up trowel for ACME's volume test, number 1384."
VS-01385,Rubber garden hose 15 m 1385,Volume Supplies,Garden,29.99,GBP,"A made-up garden hose for ACME's volume test, number 1385."
VS-01386,Kettle 1.7 L 1386,Volume Supplies,Kitchen,30.99,GBP,
VS-01387,Ceramic mixing bowl 1387,Volume Supplies,Kitchen,31.99,GBP,"A made-up mixing bowl for ACME's volume test, number 1387."
VS-01388,Saucepan 18 cm 1388,Volume Supplies,Kitchen,32.99,GBP,"A made-up saucepan for ACME's volume test, number 1388."
VS-01389,Brass desk lamp 1389,Volume Supplies,Lighting,33.99,GBP,
VS-01390,S/S hand trowel 1390,Volume Supplies,Lighting,34.99,GBP,"A made-up hand trowel for ACME's volume test, number 1390."
VS-01391,Hand trowel 1391,Volume Supplies,Garden,35.99,GBP,"A made-up trowel for ACME's volume test, number 1391."
VS-01392,Rubber garden hose 15 m 1392,Volume Supplies,Garden,36.99,GBP,
VS-01393,Kettle 1.7 L 1393,Volume Supplies,Kitchen,37.99,GBP,"A made-up kettle for ACME's volume test, number 1393."
VS-01394,Ceramic mixing bowl 1394,Volume Supplies,Kitchen,38.99,GBP,"A made-up mixing bowl for ACME's volume test, number 1394."
VS-01395,Saucepan 18 cm 1395,Volume Supplies,Kitchen,39.99,GBP,
VS-01396,Brass desk lamp 1396,Volume Supplies,Lighting,40.99,GBP,"A made-up desk lamp for ACME's volume test, number 1396."
VS-01397,LED strip light 2 m 1397,Volume Supplies,Lighting,41.99,GBP,"A made-up strip light for ACME's volume test, number 1397."
VS-01398,Hand trowel 1398,Volume Supplies,Garden,42.99,GBP,
VS-01399,Rubber garden hose 15 m 1399,Volume Supplies,Garden,43.99,GBP,"A made-up garden hose for ACME's volume test, number 1399."
VS-01400,S/S kettle 1400,Volume Supplies,Kitchen,44.99,GBP,"A made-up kettle for ACME's volume test, number 1400."
VS-01401,Ceramic mixing bowl 1401,Volume Supplies,Kitchen,45.99,GBP,
VS-01402,Saucepan 18 cm 1402,Volume Supplies,Kitchen,46.99,GBP,"A made-up saucepan for ACME's volume test, number 1402."
VS-01403,Brass desk lamp 1403,Volume Supplies,Lighting,47.99,GBP,"A made-up desk lamp for ACME's volume test, number 1403."
VS-01404,LED strip light 2 m 1404,Volume Supplies,Lighting,48.99,GBP,
VS-01405,Hand trowel 1405,Volume Supplies,Garden,49.99,GBP,"A made-up trowel for ACME's volume test, number 1405."
VS-01406,Rubber garden hose 15 m 1406,Volume Supplies,Garden,50.99,GBP,"A made-up garden hose for ACME's volume test, number 1406."
VS-01407,Kettle 1.7 L 1407,Volume Supplies,Kitchen,51.99,GBP,
VS-01408,Ceramic mixing bowl 1408,Volume Supplies,Kitchen,52.99,GBP,"A made-up mixing bowl for ACME's volume test, number 1408."
VS-01409,Saucepan 18 cm 1409,Volume Supplies,Kitchen,53.99,GBP,"A made-up saucepan for ACME's volume test, number 1409."
VS-01410,S/S hand trowel 1410,Volume Supplies,Lighting,54.99,GBP,
VS-01411,LED strip light 2 m 1411,Volume Supplies,Lighting,55.99,GBP,"A made-up strip light for ACME's volume test, number 1411."
VS-01412,Hand trowel 1412,Volume Supplies,Garden,56.99,GBP,"A made-up trowel for ACME's volume test, number 1412."
VS-01413,Rubber garden hose 15 m 1413,Volume Supplies,Garden,57.99,GBP,
VS-01414,Kettle 1.7 L 1414,Volume Supplies,Kitchen,58.99,GBP,"A made-up kettle for ACME's volume test, number 1414."
VS-01415,Ceramic mixing bowl 1415,Volume Supplies,Kitchen,59.99,GBP,"A made-up mixing bowl for ACME's volume test, number 1415."
VS-01416,Saucepan 18 cm 1416,Volume Supplies,Kitchen,60.99,GBP,
VS-01417,Brass desk lamp 1417,Volume Supplies,Lighting,61.99,GBP,"A made-up desk lamp for ACME's volume test, number 1417."
VS-01418,LED strip light 2 m 1418,Volume Supplies,Lighting,62.99,GBP,"A made-up strip light for ACME's volume test, number 1418."
VS-01419,Hand trowel 1419,Volume Supplies,Garden,63.99,GBP,
VS-01420,S/S kettle 1420,Volume Supplies,Garden,64.99,GBP,"A made-up kettle for ACME's volume test, number 1420."
VS-01421,Kettle 1.7 L 1421,Volume Supplies,Kitchen,65.99,GBP,"A made-up kettle for ACME's volume test, number 1421."
VS-01422,Ceramic mixing bowl 1422,Volume Supplies,Kitchen,66.99,GBP,
VS-01423,Saucepan 18 cm 1423,Volume Supplies,Kitchen,67.99,GBP,"A made-up saucepan for ACME's volume test, number 1423."
VS-01424,Brass desk lamp 1424,Volume Supplies,Lighting,68.99,GBP,"A made-up desk lamp for ACME's volume test, number 1424."
VS-01425,LED strip light 2 m 1425,Volume Supplies,Lighting,69.99,GBP,
VS-01426,Hand trowel 1426,Volume Supplies,Garden,70.99,GBP,"A made-up trowel for ACME's volume test, number 1426."
VS-01427,Rubber garden hose 15 m 1427,Volume Supplies,Garden,71.99,GBP,"A made-up garden hose for ACME's volume test, number 1427."
VS-01428,Kettle 1.7 L 1428,Volume Supplies,Kitchen,72.99,GBP,
VS-01429,Ceramic mixing bowl 1429,Volume Supplies,Kitchen,73.99,GBP,"A made-up mixing bowl for ACME's volume test, number 1429."
VS-01430,S/S hand trowel 1430,Volume Supplies,Kitchen,74.99,GBP,"A made-up hand trowel for ACME's volume test, number 1430."
VS-01431,Brass desk lamp 1431,Volume Supplies,Lighting,75.99,GBP,
VS-01432,LED strip light 2 m 1432,Volume Supplies,Lighting,76.99,GBP,"A made-up strip light for ACME's volume test, number 1432."
VS-01433,Hand trowel 1433,Volume Supplies,Garden,77.99,GBP,"A made-up trowel for ACME's volume test, number 1433."
VS-01434,Rubber garden hose 15 m 1434,Volume Supplies,Garden,78.99,GBP,
VS-01435,Kettle 1.7 L 1435,Volume Supplies,Kitchen,79.99,GBP,"A made-up kettle for ACME's volume test, number 1435."
VS-01436,Ceramic mixing bowl 1436,Volume Supplies,Kitchen,80.99,GBP,"A made-up mixing bowl for ACME's volume test, number 1436."
VS-01437,Saucepan 18 cm 1437,Volume Supplies,Kitchen,81.99,GBP,
VS-01438,Brass desk lamp 1438,Volume Supplies,Lighting,82.99,GBP,"A made-up desk lamp for ACME's volume test, number 1438."
VS-01439,LED strip light 2 m 1439,Volume Supplies,Lighting,83.99,GBP,"A made-up strip light for ACME's volume test, number 1439."
VS-01440,S/S kettle 1440,Volume Supplies,Garden,84.99,GBP,
VS-01441,Rubber garden hose 15 m 1441,Volume Supplies,Garden,85.99,GBP,"A made-up garden hose for ACME's volume test, number 1441."
VS-01442,Kettle 1.7 L 1442,Volume Supplies,Kitchen,86.99,GBP,"A made-up kettle for ACME's volume test, number 1442."
VS-01443,Ceramic mixing bowl 1443,Volume Supplies,Kitchen,87.99,GBP,
VS-01444,Saucepan 18 cm 1444,Volume Supplies,Kitchen,88.99,GBP,"A made-up saucepan for ACME's volume test, number 1444."
VS-01445,Brass desk lamp 1445,Volume Supplies,Lighting,89.99,GBP,"A made-up desk lamp for ACME's volume test, number 1445."
VS-01446,LED strip light 2 m 1446,Volume Supplies,Lighting,90.99,GBP,
VS-01447,Hand trowel 1447,Volume Supplies,Garden,91.99,GBP,"A made-up trowel for ACME's volume test, number 1447."
VS-01448,Rubber garden hose 15 m 1448,Volume Supplies,Garden,92.99,GBP,"A made-up garden hose for ACME's volume test, number 1448."
VS-01449,Kettle 1.7 L 1449,Volume Supplies,Kitchen,93.99,GBP,
VS-01450,S/S hand trowel 1450,Volume Supplies,Kitchen,94.99,GBP,"A made-up hand trowel for ACME's volume test, number 1450."
VS-01451,Saucepan 18 cm 1451,Volume Supplies,Kitchen,95.99,GBP,"A made-up saucepan for ACME's volume test, number 1451."
VS-01452,Brass desk lamp 1452,Volume Supplies,Lighting,96.99,GBP,
VS-01453,LED strip light 2 m 1453,Volume Supplies,Lighting,97.99,GBP,"A made-up strip light for ACME's volume test, number 1453."
VS-01454,Hand trowel 1454,Volume Supplies,Garden,98.99,GBP,"A made-up trowel for ACME's volume test, number 1454."
VS-01455,Rubber garden hose 15 m 1455,Volume Supplies,Garden,2.99,GBP,
VS-01456,Kettle 1.7 L 1456,Volume Supplies,Kitchen,3.99,GBP,"A made-up kettle for ACME's volume test, number 1456."
VS-01457,Ceramic mixing bowl 1457,Volume Supplies,Kitchen,4.99,GBP,"A made-up mixing bowl for ACME's volume test, number 1457."
VS-01458,Saucepan 18 cm 1458,Volume Supplies,Kitchen,5.99,GBP,
VS-01459,Brass desk lamp 1459,Volume Supplies,Lighting,6.99,GBP,"A made-up desk lamp for ACME's volume test, number 1459."
VS-01460,S/S kettle 1460,Volume Supplies,Lighting,7.99,GBP,"A made-up kettle for ACME's volume test, number 1460."
VS-01461,Hand trowel 1461,Volume Supplies,Garden,8.99,GBP,
VS-01462,Rubber garden hose 15 m 1462,Volume Supplies,Garden,9.99,GBP,"A made-up garden hose for ACME's volume test, number 1462."
VS-01463,Kettle 1.7 L 1463,Volume Supplies,Kitchen,10.99,GBP,"A made-up kettle for ACME's volume test, number 1463."
VS-01464,Ceramic mixing bowl 1464,Volume Supplies,Kitchen,11.99,GBP,
VS-01465,Saucepan 18 cm 1465,Volume Supplies,Kitchen,12.99,GBP,"A made-up saucepan for ACME's volume test, number 1465."
VS-01466,Brass desk lamp 1466,Volume Supplies,Lighting,13.99,GBP,"A made-up desk lamp for ACME's volume test, number 1466."
VS-01467,LED strip light 2 m 1467,Volume Supplies,Lighting,14.99,GBP,
VS-01468,Hand trowel 1468,Volume Supplies,Garden,15.99,GBP,"A made-up trowel for ACME's volume test, number 1468."
VS-01469,Rubber garden hose 15 m 1469,Volume Supplies,Garden,16.99,GBP,"A made-up garden hose for ACME's volume test, number 1469."
VS-01470,S/S hand trowel 1470,Volume Supplies,Kitchen,17.99,GBP,
VS-01471,Ceramic mixing bowl 1471,Volume Supplies,Kitchen,18.99,GBP,"A made-up mixing bowl for ACME's volume test, number 1471."
VS-01472,Saucepan 18 cm 1472,Volume Supplies,Kitchen,19.99,GBP,"A made-up saucepan for ACME's volume test, number 1472."
VS-01473,Brass desk lamp 1473,Volume Supplies,Lighting,20.99,GBP,
VS-01474,LED strip light 2 m 1474,Volume Supplies,Lighting,21.99,GBP,"A made-up strip light for ACME's volume test, number 1474."
VS-01475,Hand trowel 1475,Volume Supplies,Garden,22.99,GBP,"A made-up trowel for ACME's volume test, number 1475."
VS-01476,Rubber garden hose 15 m 1476,Volume Supplies,Garden,23.99,GBP,
VS-01477,Kettle 1.7 L 1477,Volume Supplies,Kitchen,24.99,GBP,"A made-up kettle for ACME's volume test, number 1477."
VS-01478,Ceramic mixing bowl 1478,Volume Supplies,Kitchen,25.99,GBP,"A made-up mixing bowl for ACME's volume test, number 1478."
VS-01479,Saucepan 18 cm 1479,Volume Supplies,Kitchen,26.99,GBP,
VS-01480,S/S kettle 1480,Volume Supplies,Lighting,27.99,GBP,"A made-up kettle for ACME's volume test, number 1480."
VS-01481,LED strip light 2 m 1481,Volume Supplies,Lighting,28.99,GBP,"A made-up strip light for ACME's volume test, number 1481."
VS-01482,Hand trowel 1482,Volume Supplies,Garden,29.99,GBP,
VS-01483,Rubber garden hose 15 m 1483,Volume Supplies,Garden,30.99,GBP,"A made-up garden hose for ACME's volume test, number 1483."
VS-01484,Kettle 1.7 L 1484,Volume Supplies,Kitchen,31.99,GBP,"A made-up kettle for ACME's volume test, number 1484."
VS-01485,Ceramic mixing bowl 1485,Volume Supplies,Kitchen,32.99,GBP,
VS-01486,Saucepan 18 cm 1486,Volume Supplies,Kitchen,33.99,GBP,"A made-up saucepan for ACME's volume test, number 1486."
VS-01487,Brass desk lamp 1487,Volume Supplies,Lighting,34.99,GBP,"A made-up desk lamp for ACME's volume test, number 1487."
VS-01488,LED strip light 2 m 1488,Volume Supplies,Lighting,35.99,GBP,
VS-01489,Hand trowel 1489,Volume Supplies,Garden,36.99,GBP,"A made-up trowel for ACME's volume test, number 1489."
VS-01490,S/S hand trowel 1490,Volume Supplies,Garden,37.99,GBP,"A made-up hand trowel for ACME's volume test, number 1490."
VS-01491,Kettle 1.7 L 1491,Volume Supplies,Kitchen,38.99,GBP,
VS-01492,Ceramic mixing bowl 1492,Volume Supplies,Kitchen,39.99,GBP,"A made-up mixing bowl for ACME's volume test, number 1492."
VS-01493,Saucepan 18 cm 1493,Volume Supplies,Kitchen,40.99,GBP,"A made-up saucepan for ACME's volume test, number 1493."
VS-01494,Brass desk lamp 1494,Volume Supplies,Lighting,41.99,GBP,
VS-01495,LED strip light 2 m 1495,Volume Supplies,Lighting,42.99,GBP,"A made-up strip light for ACME's volume test, number 1495."
VS-01496,Hand trowel 1496,Volume Supplies,Garden,43.99,GBP,"A made-up trowel for ACME's volume test, number 1496."
VS-01497,Rubber garden hose 15 m 1497,Volume Supplies,Garden,44.99,GBP,
VS-01498,Kettle 1.7 L 1498,Volume Supplies,Kitchen,45.99,GBP,"A made-up kettle for ACME's volume test, number 1498."
VS-01499,Ceramic mixing bowl 1499,Volume Supplies,Kitchen,46.99,GBP,"A made-up mixing bowl for ACME's volume test, number 1499."
VS-01500,S/S kettle 1500,Volume Supplies,Kitchen,47.99,GBP,
VS-01501,Brass desk lamp 1501,Volume Supplies,Lighting,48.99,GBP,"A made-up desk lamp for ACME's volume test, number 1501."
VS-01502,LED strip light 2 m 1502,Volume Supplies,Lighting,49.99,GBP,"A made-up strip light for ACME's volume test, number 1502."
VS-01503,Hand trowel 1503,Volume Supplies,Garden,50.99,GBP,
VS-01504,Rubber garden hose 15 m 1504,Volume Supplies,Garden,51.99,GBP,"A made-up garden hose for ACME's volume test, number 1504."
VS-01505,Kettle 1.7 L 1505,Volume Supplies,Kitchen,52.99,GBP,"A made-up kettle for ACME's volume test, number 1505."
VS-01506,Ceramic mixing bowl 1506,Volume Supplies,Kitchen,53.99,GBP,
VS-01507,Saucepan 18 cm 1507,Volume Supplies,Kitchen,54.99,GBP,"A made-up saucepan for ACME's volume test, number 1507."
VS-01508,Brass desk lamp 1508,Volume Supplies,Lighting,55.99,GBP,"A made-up desk lamp for ACME's volume test, number 1508."
VS-01509,LED strip light 2 m 1509,Volume Supplies,Lighting,56.99,GBP,
VS-01510,S/S hand trowel 1510,Volume Supplies,Garden,57.99,GBP,"A made-up hand trowel for ACME's volume test, number 1510."
VS-01511,Rubber garden hose 15 m 1511,Volume Supplies,Garden,58.99,GBP,"A made-up garden hose for ACME's volume test, number 1511."
VS-01512,Kettle 1.7 L 1512,Volume Supplies,Kitchen,59.99,GBP,
VS-01513,Ceramic mixing bowl 1513,Volume Supplies,Kitchen,60.99,GBP,"A made-up mixing bowl for ACME's volume test, number 1513."
VS-01514,Saucepan 18 cm 1514,Volume Supplies,Kitchen,61.99,GBP,"A made-up saucepan for ACME's volume test, number 1514."
VS-01515,Brass desk lamp 1515,Volume Supplies,Lighting,62.99,GBP,
VS-01516,LED strip light 2 m 1516,Volume Supplies,Lighting,63.99,GBP,"A made-up strip light for ACME's volume test, number 1516."
VS-01517,Hand trowel 1517,Volume Supplies,Garden,64.99,GBP,"A made-up trowel for ACME's volume test, number 1517."
VS-01518,Rubber garden hose 15 m 1518,Volume Supplies,Garden,65.99,GBP,
VS-01519,Kettle 1.7 L 1519,Volume Supplies,Kitchen,66.99,GBP,"A made-up kettle for ACME's volume test, number 1519."
VS-01520,S/S kettle 1520,Volume Supplies,Kitchen,67.99,GBP,"A made-up kettle for ACME's volume test, number 1520."
VS-01521,Saucepan 18 cm 1521,Volume Supplies,Kitchen,68.99,GBP,
VS-01522,Brass desk lamp 1522,Volume Supplies,Lighting,69.99,GBP,"A made-up desk lamp for ACME's volume test, number 1522."
VS-01523,LED strip light 2 m 1523,Volume Supplies,Lighting,70.99,GBP,"A made-up strip light for ACME's volume test, number 1523."
VS-01524,Hand trowel 1524,Volume Supplies,Garden,71.99,GBP,
VS-01525,Rubber garden hose 15 m 1525,Volume Supplies,Garden,72.99,GBP,"A made-up garden hose for ACME's volume test, number 1525."
VS-01526,Kettle 1.7 L 1526,Volume Supplies,Kitchen,73.99,GBP,"A made-up kettle for ACME's volume test, number 1526."
VS-01527,Ceramic mixing bowl 1527,Volume Supplies,Kitchen,74.99,GBP,
VS-01528,Saucepan 18 cm 1528,Volume Supplies,Kitchen,75.99,GBP,"A made-up saucepan for ACME's volume test, number 1528."
VS-01529,Brass desk lamp 1529,Volume Supplies,Lighting,76.99,GBP,"A made-up desk lamp for ACME's volume test, number 1529."
VS-01530,S/S hand trowel 1530,Volume Supplies,Lighting,77.99,GBP,
VS-01531,Hand trowel 1531,Volume Supplies,Garden,78.99,GBP,"A made-up trowel for ACME's volume test, number 1531."
VS-01532,Rubber garden hose 15 m 1532,Volume Supplies,Garden,79.99,GBP,"A made-up garden hose for ACME's volume test, number 1532."
VS-01533,Kettle 1.7 L 1533,Volume Supplies,Kitchen,80.99,GBP,
VS-01534,Ceramic mixing bowl 1534,Volume Supplies,Kitchen,81.99,GBP,"A made-up mixing bowl for ACME's volume test, number 1534."
VS-01535,Saucepan 18 cm 1535,Volume Supplies,Kitchen,82.99,GBP,"A made-up saucepan for ACME's volume test, number 1535."
VS-01536,Brass desk lamp 1536,Volume Supplies,Lighting,83.99,GBP,
VS-01537,LED strip light 2 m 1537,Volume Supplies,Lighting,84.99,GBP,"A made-up strip light for ACME's volume test, number 1537."
VS-01538,Hand trowel 1538,Volume Supplies,Garden,85.99,GBP,"A made-up trowel for ACME's volume test, number 1538."
VS-01539,Rubber garden hose 15 m 1539,Volume Supplies,Garden,86.99,GBP,
VS-01540,S/S kettle 1540,Volume Supplies,Kitchen,87.99,GBP,"A made-up kettle for ACME's volume test, number 1540."
VS-01541,Ceramic mixing bowl 1541,Volume Supplies,Kitchen,88.99,GBP,"A made-up mixing bowl for ACME's volume test, number 1541."
VS-01542,Saucepan 18 cm 1542,Volume Supplies,Kitchen,89.99,GBP,
VS-01543,Brass desk lamp 1543,Volume Supplies,Lighting,90.99,GBP,"A made-up desk lamp for ACME's volume test, number 1543."
VS-01544,LED strip light 2 m 1544,Volume Supplies,Lighting,91.99,GBP,"A made-up strip light for ACME's volume test, number 1544."
VS-01545,Hand trowel 1545,Volume Supplies,Garden,92.99,GBP,
VS-01546,Rubber garden hose 15 m 1546,Volume Supplies,Garden,93.99,GBP,"A made-up garden hose for ACME's volume test, number 1546."
VS-01547,Kettle 1.7 L 1547,Volume Supplies,Kitchen,94.99,GBP,"A made-up kettle for ACME's volume test, number 1547."
VS-01548,Ceramic mixing bowl 1548,Volume Supplies,Kitchen,95.99,GBP,
VS-01549,Saucepan 18 cm 1549,Volume Supplies,Kitchen,96.99,GBP,"A made-up saucepan for ACME's volume test, number 1549."
VS-01550,S/S hand trowel 1550,Volume Supplies,Lighting,97.99,GBP,"A made-up hand trowel for ACME's volume test, number 1550."
VS-01551,LED strip light 2 m 1551,Volume Supplies,Lighting,98.99,GBP,
VS-01552,Hand trowel 1552,Volume Supplies,Garden,2.99,GBP,"A made-up trowel for ACME's volume test, number 1552."
VS-01553,Rubber garden hose 15 m 1553,Volume Supplies,Garden,3.99,GBP,"A made-up garden hose for ACME's volume test, number 1553."
VS-01554,Kettle 1.7 L 1554,Volume Supplies,Kitchen,4.99,GBP,
VS-01555,Ceramic mixing bowl 1555,Volume Supplies,Kitchen,5.99,GBP,"A made-up mixing bowl for ACME's volume test, number 1555."
VS-01556,Saucepan 18 cm 1556,Volume Supplies,Kitchen,6.99,GBP,"A made-up saucepan for ACME's volume test, number 1556."
VS-01557,Brass desk lamp 1557,Volume Supplies,Lighting,7.99,GBP,
VS-01558,LED strip light 2 m 1558,Volume Supplies,Lighting,8.99,GBP,"A made-up strip light for ACME's volume test, number 1558."
VS-01559,Hand trowel 1559,Volume Supplies,Garden,9.99,GBP,"A made-up trowel for ACME's volume test, number 1559."
VS-01560,S/S kettle 1560,Volume Supplies,Garden,10.99,GBP,
VS-01561,Kettle 1.7 L 1561,Volume Supplies,Kitchen,11.99,GBP,"A made-up kettle for ACME's volume test, number 1561."
VS-01562,Ceramic mixing bowl 1562,Volume Supplies,Kitchen,12.99,GBP,"A made-up mixing bowl for ACME's volume test, number 1562."
VS-01563,Saucepan 18 cm 1563,Volume Supplies,Kitchen,13.99,GBP,
VS-01564,Brass desk lamp 1564,Volume Supplies,Lighting,14.99,GBP,"A made-up desk lamp for ACME's volume test, number 1564."
VS-01565,LED strip light 2 m 1565,Volume Supplies,Lighting,15.99,GBP,"A made-up strip light for ACME's volume test, number 1565."
VS-01566,Hand trowel 1566,Volume Supplies,Garden,16.99,GBP,
VS-01567,Rubber garden hose 15 m 1567,Volume Supplies,Garden,17.99,GBP,"A made-up garden hose for ACME's volume test, number 1567."
VS-01568,Kettle 1.7 L 1568,Volume Supplies,Kitchen,18.99,GBP,"A made-up kettle for ACME's volume test, number 1568."
VS-01569,Ceramic mixing bowl 1569,Volume Supplies,Kitchen,19.99,GBP,
VS-01570,S/S hand trowel 1570,Volume Supplies,Kitchen,20.99,GBP,"A made-up hand trowel for ACME's volume test, number 1570."
VS-01571,Brass desk lamp 1571,Volume Supplies,Lighting,21.99,GBP,"A made-up desk lamp for ACME's volume test, number 1571."
VS-01572,LED strip light 2 m 1572,Volume Supplies,Lighting,22.99,GBP,
VS-01573,Hand trowel 1573,Volume Supplies,Garden,23.99,GBP,"A made-up trowel for ACME's volume test, number 1573."
VS-01574,Rubber garden hose 15 m 1574,Volume Supplies,Garden,24.99,GBP,"A made-up garden hose for ACME's volume test, number 1574."
VS-01575,Kettle 1.7 L 1575,Volume Supplies,Kitchen,25.99,GBP,
VS-01576,Ceramic mixing bowl 1576,Volume Supplies,Kitchen,26.99,GBP,"A made-up mixing bowl for ACME's volume test, number 1576."
VS-01577,Saucepan 18 cm 1577,Volume Supplies,Kitchen,27.99,GBP,"A made-up saucepan for ACME's volume test, number 1577."
VS-01578,Brass desk lamp 1578,Volume Supplies,Lighting,28.99,GBP,
VS-01579,LED strip light 2 m 1579,Volume Supplies,Lighting,29.99,GBP,"A made-up strip light for ACME's volume test, number 1579."
VS-01580,S/S kettle 1580,Volume Supplies,Garden,30.99,GBP,"A made-up kettle for ACME's volume test, number 1580."
VS-01581,Rubber garden hose 15 m 1581,Volume Supplies,Garden,31.99,GBP,
VS-01582,Kettle 1.7 L 1582,Volume Supplies,Kitchen,32.99,GBP,"A made-up kettle for ACME's volume test, number 1582."
VS-01583,Ceramic mixing bowl 1583,Volume Supplies,Kitchen,33.99,GBP,"A made-up mixing bowl for ACME's volume test, number 1583."
VS-01584,Saucepan 18 cm 1584,Volume Supplies,Kitchen,34.99,GBP,
VS-01585,Brass desk lamp 1585,Volume Supplies,Lighting,35.99,GBP,"A made-up desk lamp for ACME's volume test, number 1585."
VS-01586,LED strip light 2 m 1586,Volume Supplies,Lighting,36.99,GBP,"A made-up strip light for ACME's volume test, number 1586."
VS-01587,Hand trowel 1587,Volume Supplies,Garden,37.99,GBP,
VS-01588,Rubber garden hose 15 m 1588,Volume Supplies,Garden,38.99,GBP,"A made-up garden hose for ACME's volume test, number 1588."
VS-01589,Kettle 1.7 L 1589,Volume Supplies,Kitchen,39.99,GBP,"A made-up kettle for ACME's volume test, number 1589."
VS-01590,S/S hand trowel 1590,Volume Supplies,Kitchen,40.99,GBP,
VS-01591,Saucepan 18 cm 1591,Volume Supplies,Kitchen,41.99,GBP,"A made-up saucepan for ACME's volume test, number 1591."
VS-01592,Brass desk lamp 1592,Volume Supplies,Lighting,42.99,GBP,"A made-up desk lamp for ACME's volume test, number 1592."
VS-01593,LED strip light 2 m 1593,Volume Supplies,Lighting,43.99,GBP,
VS-01594,Hand trowel 1594,Volume Supplies,Garden,44.99,GBP,"A made-up trowel for ACME's volume test, number 1594."
VS-01595,Rubber garden hose 15 m 1595,Volume Supplies,Garden,45.99,GBP,"A made-up garden hose for ACME's volume test, number 1595."
VS-01596,Kettle 1.7 L 1596,Volume Supplies,Kitchen,46.99,GBP,
VS-01597,Ceramic mixing bowl 1597,Volume Supplies,Kitchen,47.99,GBP,"A made-up mixing bowl for ACME's volume test, number 1597."
VS-01598,Saucepan 18 cm 1598,Volume Supplies,Kitchen,48.99,GBP,"A made-up saucepan for ACME's volume test, number 1598."
VS-01599,Brass desk lamp 1599,Volume Supplies,Lighting,49.99,GBP,
VS-01600,S/S kettle 1600,Volume Supplies,Lighting,50.99,GBP,"A made-up kettle for ACME's volume test, number 1600."
VS-01601,Hand trowel 1601,Volume Supplies,Garden,51.99,GBP,"A made-up trowel for ACME's volume test, number 1601."
VS-01602,Rubber garden hose 15 m 1602,Volume Supplies,Garden,52.99,GBP,
VS-01603,Kettle 1.7 L 1603,Volume Supplies,Kitchen,53.99,GBP,"A made-up kettle for ACME's volume test, number 1603."
VS-01604,Ceramic mixing bowl 1604,Volume Supplies,Kitchen,54.99,GBP,"A made-up mixing bowl for ACME's volume test, number 1604."
VS-01605,Saucepan 18 cm 1605,Volume Supplies,Kitchen,55.99,GBP,
VS-01606,Brass desk lamp 1606,Volume Supplies,Lighting,56.99,GBP,"A made-up desk lamp for ACME's volume test, number 1606."
VS-01607,LED strip light 2 m 1607,Volume Supplies,Lighting,57.99,GBP,"A made-up strip light for ACME's volume test, number 1607."
VS-01608,Hand trowel 1608,Volume Supplies,Garden,58.99,GBP,
VS-01609,Rubber garden hose 15 m 1609,Volume Supplies,Garden,59.99,GBP,"A made-up garden hose for ACME's volume test, number 1609."
VS-01610,S/S hand trowel 1610,Volume Supplies,Kitchen,60.99,GBP,"A made-up hand trowel for ACME's volume test, number 1610."
VS-01611,Ceramic mixing bowl 1611,Volume Supplies,Kitchen,61.99,GBP,
VS-01612,Saucepan 18 cm 1612,Volume Supplies,Kitchen,62.99,GBP,"A made-up saucepan for ACME's volume test, number 1612."
VS-01613,Brass desk lamp 1613,Volume Supplies,Lighting,63.99,GBP,"A made-up desk lamp for ACME's volume test, number 1613."
VS-01614,LED strip light 2 m 1614,Volume Supplies,Lighting,64.99,GBP,
VS-01615,Hand trowel 1615,Volume Supplies,Garden,65.99,GBP,"A made-up trowel for ACME's volume test, number 1615."
VS-01616,Rubber garden hose 15 m 1616,Volume Supplies,Garden,66.99,GBP,"A made-up garden hose for ACME's volume test, number 1616."
VS-01617,Kettle 1.7 L 1617,Volume Supplies,Kitchen,67.99,GBP,
VS-01618,Ceramic mixing bowl 1618,Volume Supplies,Kitchen,68.99,GBP,"A made-up mixing bowl for ACME's volume test, number 1618."
VS-01619,Saucepan 18 cm 1619,Volume Supplies,Kitchen,69.99,GBP,"A made-up saucepan for ACME's volume test, number 1619."
VS-01620,S/S kettle 1620,Volume Supplies,Lighting,70.99,GBP,
VS-01621,LED strip light 2 m 1621,Volume Supplies,Lighting,71.99,GBP,"A made-up strip light for ACME's volume test, number 1621."
VS-01622,Hand trowel 1622,Volume Supplies,Garden,72.99,GBP,"A made-up trowel for ACME's volume test, number 1622."
VS-01623,Rubber garden hose 15 m 1623,Volume Supplies,Garden,73.99,GBP,
VS-01624,Kettle 1.7 L 1624,Volume Supplies,Kitchen,74.99,GBP,"A made-up kettle for ACME's volume test, number 1624."
VS-01625,Ceramic mixing bowl 1625,Volume Supplies,Kitchen,75.99,GBP,"A made-up mixing bowl for ACME's volume test, number 1625."
VS-01626,Saucepan 18 cm 1626,Volume Supplies,Kitchen,76.99,GBP,
VS-01627,Brass desk lamp 1627,Volume Supplies,Lighting,77.99,GBP,"A made-up desk lamp for ACME's volume test, number 1627."
VS-01628,LED strip light 2 m 1628,Volume Supplies,Lighting,78.99,GBP,"A made-up strip light for ACME's volume test, number 1628."
VS-01629,Hand trowel 1629,Volume Supplies,Garden,79.99,GBP,
VS-01630,S/S hand trowel 1630,Volume Supplies,Garden,80.99,GBP,"A made-up hand trowel for ACME's volume test, number 1630."
VS-01631,Kettle 1.7 L 1631,Volume Supplies,Kitchen,81.99,GBP,"A made-up kettle for ACME's volume test, number 1631."
VS-01632,Ceramic mixing bowl 1632,Volume Supplies,Kitchen,82.99,GBP,
VS-01633,Saucepan 18 cm 1633,Volume Supplies,Kitchen,83.99,GBP,"A made-up saucepan for ACME's volume test, number 1633."
VS-01634,Brass desk lamp 1634,Volume Supplies,Lighting,84.99,GBP,"A made-up desk lamp for ACME's volume test, number 1634."
VS-01635,LED strip light 2 m 1635,Volume Supplies,Lighting,85.99,GBP,
VS-01636,Hand trowel 1636,Volume Supplies,Garden,86.99,GBP,"A made-up trowel for ACME's volume test, number 1636."
VS-01637,Rubber garden hose 15 m 1637,Volume Supplies,Garden,87.99,GBP,"A made-up garden hose for ACME's volume test, number 1637."
VS-01638,Kettle 1.7 L 1638,Volume Supplies,Kitchen,88.99,GBP,
VS-01639,Ceramic mixing bowl 1639,Volume Supplies,Kitchen,89.99,GBP,"A made-up mixing bowl for ACME's volume test, number 1639."
VS-01640,S/S kettle 1640,Volume Supplies,Kitchen,90.99,GBP,"A made-up kettle for ACME's volume test, number 1640."
VS-01641,Brass desk lamp 1641,Volume Supplies,Lighting,91.99,GBP,
VS-01642,LED strip light 2 m 1642,Volume Supplies,Lighting,92.99,GBP,"A made-up strip light for ACME's volume test, number 1642."
VS-01643,Hand trowel 1643,Volume Supplies,Garden,93.99,GBP,"A made-up trowel for ACME's volume test, number 1643."
VS-01644,Rubber garden hose 15 m 1644,Volume Supplies,Garden,94.99,GBP,
VS-01645,Kettle 1.7 L 1645,Volume Supplies,Kitchen,95.99,GBP,"A made-up kettle for ACME's volume test, number 1645."
VS-01646,Ceramic mixing bowl 1646,Volume Supplies,Kitchen,96.99,GBP,"A made-up mixing bowl for ACME's volume test, number 1646."
VS-01647,Saucepan 18 cm 1647,Volume Supplies,Kitchen,97.99,GBP,
VS-01648,Brass desk lamp 1648,Volume Supplies,Lighting,98.99,GBP,"A made-up desk lamp for ACME's volume test, number 1648."
VS-01649,LED strip light 2 m 1649,Volume Supplies,Lighting,2.99,GBP,"A made-up strip light for ACME's volume test, number 1649."
VS-01650,S/S hand trowel 1650,Volume Supplies,Garden,3.99,GBP,
VS-01651,Rubber garden hose 15 m 1651,Volume Supplies,Garden,4.99,GBP,"A made-up garden hose for ACME's volume test, number 1651."
VS-01652,Kettle 1.7 L 1652,Volume Supplies,Kitchen,5.99,GBP,"A made-up kettle for ACME's volume test, number 1652."
VS-01653,Ceramic mixing bowl 1653,Volume Supplies,Kitchen,6.99,GBP,
VS-01654,Saucepan 18 cm 1654,Volume Supplies,Kitchen,7.99,GBP,"A made-up saucepan for ACME's volume test, number 1654."
VS-01655,Brass desk lamp 1655,Volume Supplies,Lighting,8.99,GBP,"A made-up desk lamp for ACME's volume test, number 1655."
VS-01656,LED strip light 2 m 1656,Volume Supplies,Lighting,9.99,GBP,
VS-01657,Hand trowel 1657,Volume Supplies,Garden,10.99,GBP,"A made-up trowel for ACME's volume test, number 1657."
VS-01658,Rubber garden hose 15 m 1658,Volume Supplies,Garden,11.99,GBP,"A made-up garden hose for ACME's volume test, number 1658."
VS-01659,Kettle 1.7 L 1659,Volume Supplies,Kitchen,12.99,GBP,
VS-01660,S/S kettle 1660,Volume Supplies,Kitchen,13.99,GBP,"A made-up kettle for ACME's volume test, number 1660."
VS-01661,Saucepan 18 cm 1661,Volume Supplies,Kitchen,14.99,GBP,"A made-up saucepan for ACME's volume test, number 1661."
VS-01662,Brass desk lamp 1662,Volume Supplies,Lighting,15.99,GBP,
VS-01663,LED strip light 2 m 1663,Volume Supplies,Lighting,16.99,GBP,"A made-up strip light for ACME's volume test, number 1663."
VS-01664,Hand trowel 1664,Volume Supplies,Garden,17.99,GBP,"A made-up trowel for ACME's volume test, number 1664."
VS-01665,Rubber garden hose 15 m 1665,Volume Supplies,Garden,18.99,GBP,
VS-01666,Kettle 1.7 L 1666,Volume Supplies,Kitchen,19.99,GBP,"A made-up kettle for ACME's volume test, number 1666."
VS-01667,Ceramic mixing bowl 1667,Volume Supplies,Kitchen,20.99,GBP,"A made-up mixing bowl for ACME's volume test, number 1667."
VS-01668,Saucepan 18 cm 1668,Volume Supplies,Kitchen,21.99,GBP,
VS-01669,Brass desk lamp 1669,Volume Supplies,Lighting,22.99,GBP,"A made-up desk lamp for ACME's volume test, number 1669."
VS-01670,S/S hand trowel 1670,Volume Supplies,Lighting,23.99,GBP,"A made-up hand trowel for ACME's volume test, number 1670."
VS-01671,Hand trowel 1671,Volume Supplies,Garden,24.99,GBP,
VS-01672,Rubber garden hose 15 m 1672,Volume Supplies,Garden,25.99,GBP,"A made-up garden hose for ACME's volume test, number 1672."
VS-01673,Kettle 1.7 L 1673,Volume Supplies,Kitchen,26.99,GBP,"A made-up kettle for ACME's volume test, number 1673."
VS-01674,Ceramic mixing bowl 1674,Volume Supplies,Kitchen,27.99,GBP,
VS-01675,Saucepan 18 cm 1675,Volume Supplies,Kitchen,28.99,GBP,"A made-up saucepan for ACME's volume test, number 1675."
VS-01676,Brass desk lamp 1676,Volume Supplies,Lighting,29.99,GBP,"A made-up desk lamp for ACME's volume test, number 1676."
VS-01677,LED strip light 2 m 1677,Volume Supplies,Lighting,30.99,GBP,
VS-01678,Hand trowel 1678,Volume Supplies,Garden,31.99,GBP,"A made-up trowel for ACME's volume test, number 1678."
VS-01679,Rubber garden hose 15 m 1679,Volume Supplies,Garden,32.99,GBP,"A made-up garden hose for ACME's volume test, number 1679."
VS-01680,S/S kettle 1680,Volume Supplies,Kitchen,33.99,GBP,
VS-01681,Ceramic mixing bowl 1681,Volume Supplies,Kitchen,34.99,GBP,"A made-up mixing bowl for ACME's volume test, number 1681."
VS-01682,Saucepan 18 cm 1682,Volume Supplies,Kitchen,35.99,GBP,"A made-up saucepan for ACME's volume test, number 1682."
VS-01683,Brass desk lamp 1683,Volume Supplies,Lighting,36.99,GBP,
VS-01684,LED strip light 2 m 1684,Volume Supplies,Lighting,37.99,GBP,"A made-up strip light for ACME's volume test, number 1684."
VS-01685,Hand trowel 1685,Volume Supplies,Garden,38.99,GBP,"A made-up trowel for ACME's volume test, number 1685."
VS-01686,Rubber garden hose 15 m 1686,Volume Supplies,Garden,39.99,GBP,
VS-01687,Kettle 1.7 L 1687,Volume Supplies,Kitchen,40.99,GBP,"A made-up kettle for ACME's volume test, number 1687."
VS-01688,Ceramic mixing bowl 1688,Volume Supplies,Kitchen,41.99,GBP,"A made-up mixing bowl for ACME's volume test, number 1688."
VS-01689,Saucepan 18 cm 1689,Volume Supplies,Kitchen,42.99,GBP,
VS-01690,S/S hand trowel 1690,Volume Supplies,Lighting,43.99,GBP,"A made-up hand trowel for ACME's volume test, number 1690."
VS-01691,LED strip light 2 m 1691,Volume Supplies,Lighting,44.99,GBP,"A made-up strip light for ACME's volume test, number 1691."
VS-01692,Hand trowel 1692,Volume Supplies,Garden,45.99,GBP,
VS-01693,Rubber garden hose 15 m 1693,Volume Supplies,Garden,46.99,GBP,"A made-up garden hose for ACME's volume test, number 1693."
VS-01694,Kettle 1.7 L 1694,Volume Supplies,Kitchen,47.99,GBP,"A made-up kettle for ACME's volume test, number 1694."
VS-01695,Ceramic mixing bowl 1695,Volume Supplies,Kitchen,48.99,GBP,
VS-01696,Saucepan 18 cm 1696,Volume Supplies,Kitchen,49.99,GBP,"A made-up saucepan for ACME's volume test, number 1696."
VS-01697,Brass desk lamp 1697,Volume Supplies,Lighting,50.99,GBP,"A made-up desk lamp for ACME's volume test, number 1697."
VS-01698,LED strip light 2 m 1698,Volume Supplies,Lighting,51.99,GBP,
VS-01699,Hand trowel 1699,Volume Supplies,Garden,52.99,GBP,"A made-up trowel for ACME's volume test, number 1699."
VS-01700,S/S kettle 1700,Volume Supplies,Garden,53.99,GBP,"A made-up kettle for ACME's volume test, number 1700."
VS-01701,Kettle 1.7 L 1701,Volume Supplies,Kitchen,54.99,GBP,
VS-01702,Ceramic mixing bowl 1702,Volume Supplies,Kitchen,55.99,GBP,"A made-up mixing bowl for ACME's volume test, number 1702."
VS-01703,Saucepan 18 cm 1703,Volume Supplies,Kitchen,56.99,GBP,"A made-up saucepan for ACME's volume test, number 1703."
VS-01704,Brass desk lamp 1704,Volume Supplies,Lighting,57.99,GBP,
VS-01705,LED strip light 2 m 1705,Volume Supplies,Lighting,58.99,GBP,"A made-up strip light for ACME's volume test, number 1705."
VS-01706,Hand trowel 1706,Volume Supplies,Garden,59.99,GBP,"A made-up trowel for ACME's volume test, number 1706."
VS-01707,Rubber garden hose 15 m 1707,Volume Supplies,Garden,60.99,GBP,
VS-01708,Kettle 1.7 L 1708,Volume Supplies,Kitchen,61.99,GBP,"A made-up kettle for ACME's volume test, number 1708."
VS-01709,Ceramic mixing bowl 1709,Volume Supplies,Kitchen,62.99,GBP,"A made-up mixing bowl for ACME's volume test, number 1709."
VS-01710,S/S hand trowel 1710,Volume Supplies,Kitchen,63.99,GBP,
VS-01711,Brass desk lamp 1711,Volume Supplies,Lighting,64.99,GBP,"A made-up desk lamp for ACME's volume test, number 1711."
VS-01712,LED strip light 2 m 1712,Volume Supplies,Lighting,65.99,GBP,"A made-up strip light for ACME's volume test, number 1712."
VS-01713,Hand trowel 1713,Volume Supplies,Garden,66.99,GBP,
VS-01714,Rubber garden hose 15 m 1714,Volume Supplies,Garden,67.99,GBP,"A made-up garden hose for ACME's volume test, number 1714."
VS-01715,Kettle 1.7 L 1715,Volume Supplies,Kitchen,68.99,GBP,"A made-up kettle for ACME's volume test, number 1715."
VS-01716,Ceramic mixing bowl 1716,Volume Supplies,Kitchen,69.99,GBP,
VS-01717,Saucepan 18 cm 1717,Volume Supplies,Kitchen,70.99,GBP,"A made-up saucepan for ACME's volume test, number 1717."
VS-01718,Brass desk lamp 1718,Volume Supplies,Lighting,71.99,GBP,"A made-up desk lamp for ACME's volume test, number 1718."
VS-01719,LED strip light 2 m 1719,Volume Supplies,Lighting,72.99,GBP,
VS-01720,S/S kettle 1720,Volume Supplies,Garden,73.99,GBP,"A made-up kettle for ACME's volume test, number 1720."
VS-01721,Rubber garden hose 15 m 1721,Volume Supplies,Garden,74.99,GBP,"A made-up garden hose for ACME's volume test, number 1721."
VS-01722,Kettle 1.7 L 1722,Volume Supplies,Kitchen,75.99,GBP,
VS-01723,Ceramic mixing bowl 1723,Volume Supplies,Kitchen,76.99,GBP,"A made-up mixing bowl for ACME's volume test, number 1723."
VS-01724,Saucepan 18 cm 1724,Volume Supplies,Kitchen,77.99,GBP,"A made-up saucepan for ACME's volume test, number 1724."
VS-01725,Brass desk lamp 1725,Volume Supplies,Lighting,78.99,GBP,
VS-01726,LED strip light 2 m 1726,Volume Supplies,Lighting,79.99,GBP,"A made-up strip light for ACME's volume test, number 1726."
VS-01727,Hand trowel 1727,Volume Supplies,Garden,80.99,GBP,"A made-up trowel for ACME's volume test, number 1727."
VS-01728,Rubber garden hose 15 m 1728,Volume Supplies,Garden,81.99,GBP,
VS-01729,Kettle 1.7 L 1729,Volume Supplies,Kitchen,82.99,GBP,"A made-up kettle for ACME's volume test, number 1729."
VS-01730,S/S hand trowel 1730,Volume Supplies,Kitchen,83.99,GBP,"A made-up hand trowel for ACME's volume test, number 1730."
VS-01731,Saucepan 18 cm 1731,Volume Supplies,Kitchen,84.99,GBP,
VS-01732,Brass desk lamp 1732,Volume Supplies,Lighting,85.99,GBP,"A made-up desk lamp for ACME's volume test, number 1732."
VS-01733,LED strip light 2 m 1733,Volume Supplies,Lighting,86.99,GBP,"A made-up strip light for ACME's volume test, number 1733."
VS-01734,Hand trowel 1734,Volume Supplies,Garden,87.99,GBP,
VS-01735,Rubber garden hose 15 m 1735,Volume Supplies,Garden,88.99,GBP,"A made-up garden hose for ACME's volume test, number 1735."
VS-01736,Kettle 1.7 L 1736,Volume Supplies,Kitchen,89.99,GBP,"A made-up kettle for ACME's volume test, number 1736."
VS-01737,Ceramic mixing bowl 1737,Volume Supplies,Kitchen,90.99,GBP,
VS-01738,Saucepan 18 cm 1738,Volume Supplies,Kitchen,91.99,GBP,"A made-up saucepan for ACME's volume test, number 1738."
VS-01739,Brass desk lamp 1739,Volume Supplies,Lighting,92.99,GBP,"A made-up desk lamp for ACME's volume test, number 1739."
VS-01740,S/S kettle 1740,Volume Supplies,Lighting,93.99,GBP,
VS-01741,Hand trowel 1741,Volume Supplies,Garden,94.99,GBP,"A made-up trowel for ACME's volume test, number 1741."
VS-01742,Rubber garden hose 15 m 1742,Volume Supplies,Garden,95.99,GBP,"A made-up garden hose for ACME's volume test, number 1742."
VS-01743,Kettle 1.7 L 1743,Volume Supplies,Kitchen,96.99,GBP,
VS-01744,Ceramic mixing bowl 1744,Volume Supplies,Kitchen,97.99,GBP,"A made-up mixing bowl for ACME's volume test, number 1744."
VS-01745,Saucepan 18 cm 1745,Volume Supplies,Kitchen,98.99,GBP,"A made-up saucepan for ACME's volume test, number 1745."
VS-01746,Brass desk lamp 1746,Volume Supplies,Lighting,2.99,GBP,
VS-01747,LED strip light 2 m 1747,Volume Supplies,Lighting,3.99,GBP,"A made-up strip light for ACME's volume test, number 1747."
VS-01748,Hand trowel 1748,Volume Supplies,Garden,4.99,GBP,"A made-up trowel for ACME's volume test, number 1748."
VS-01749,Rubber garden hose 15 m 1749,Volume Supplies,Garden,5.99,GBP,
VS-01750,S/S hand trowel 1750,Volume Supplies,Kitchen,6.99,GBP,"A made-up hand trowel for ACME's volume test, number 1750."
VS-01751,Ceramic mixing bowl 1751,Volume Supplies,Kitchen,7.99,GBP,"A made-up mixing bowl for ACME's volume test, number 1751."
VS-01752,Saucepan 18 cm 1752,Volume Supplies,Kitchen,8.99,GBP,
VS-01753,Brass desk lamp 1753,Volume Supplies,Lighting,9.99,GBP,"A made-up desk lamp for ACME's volume test, number 1753."
VS-01754,LED strip light 2 m 1754,Volume Supplies,Lighting,10.99,GBP,"A made-up strip light for ACME's volume test, number 1754."
VS-01755,Hand trowel 1755,Volume Supplies,Garden,11.99,GBP,
VS-01756,Rubber garden hose 15 m 1756,Volume Supplies,Garden,12.99,GBP,"A made-up garden hose for ACME's volume test, number 1756."
VS-01757,Kettle 1.7 L 1757,Volume Supplies,Kitchen,13.99,GBP,"A made-up kettle for ACME's volume test, number 1757."
VS-01758,Ceramic mixing bowl 1758,Volume Supplies,Kitchen,14.99,GBP,
VS-01759,Saucepan 18 cm 1759,Volume Supplies,Kitchen,15.99,GBP,"A made-up saucepan for ACME's volume test, number 1759."
VS-01760,S/S kettle 1760,Volume Supplies,Lighting,16.99,GBP,"A made-up kettle for ACME's volume test, number 1760."
VS-01761,LED strip light 2 m 1761,Volume Supplies,Lighting,17.99,GBP,
VS-01762,Hand trowel 1762,Volume Supplies,Garden,18.99,GBP,"A made-up trowel for ACME's volume test, number 1762."
VS-01763,Rubber garden hose 15 m 1763,Volume Supplies,Garden,19.99,GBP,"A made-up garden hose for ACME's volume test, number 1763."
VS-01764,Kettle 1.7 L 1764,Volume Supplies,Kitchen,20.99,GBP,
VS-01765,Ceramic mixing bowl 1765,Volume Supplies,Kitchen,21.99,GBP,"A made-up mixing bowl for ACME's volume test, number 1765."
VS-01766,Saucepan 18 cm 1766,Volume Supplies,Kitchen,22.99,GBP,"A made-up saucepan for ACME's volume test, number 1766."
VS-01767,Brass desk lamp 1767,Volume Supplies,Lighting,23.99,GBP,
VS-01768,LED strip light 2 m 1768,Volume Supplies,Lighting,24.99,GBP,"A made-up strip light for ACME's volume test, number 1768."
VS-01769,Hand trowel 1769,Volume Supplies,Garden,25.99,GBP,"A made-up trowel for ACME's volume test, number 1769."
VS-01770,S/S hand trowel 1770,Volume Supplies,Garden,26.99,GBP,
VS-01771,Kettle 1.7 L 1771,Volume Supplies,Kitchen,27.99,GBP,"A made-up kettle for ACME's volume test, number 1771."
VS-01772,Ceramic mixing bowl 1772,Volume Supplies,Kitchen,28.99,GBP,"A made-up mixing bowl for ACME's volume test, number 1772."
VS-01773,Saucepan 18 cm 1773,Volume Supplies,Kitchen,29.99,GBP,
VS-01774,Brass desk lamp 1774,Volume Supplies,Lighting,30.99,GBP,"A made-up desk lamp for ACME's volume test, number 1774."
VS-01775,LED strip light 2 m 1775,Volume Supplies,Lighting,31.99,GBP,"A made-up strip light for ACME's volume test, number 1775."
VS-01776,Hand trowel 1776,Volume Supplies,Garden,32.99,GBP,
VS-01777,Rubber garden hose 15 m 1777,Volume Supplies,Garden,33.99,GBP,"A made-up garden hose for ACME's volume test, number 1777."
VS-01778,Kettle 1.7 L 1778,Volume Supplies,Kitchen,34.99,GBP,"A made-up kettle for ACME's volume test, number 1778."
VS-01779,Ceramic mixing bowl 1779,Volume Supplies,Kitchen,35.99,GBP,
VS-01780,S/S kettle 1780,Volume Supplies,Kitchen,36.99,GBP,"A made-up kettle for ACME's volume test, number 1780."
VS-01781,Brass desk lamp 1781,Volume Supplies,Lighting,37.99,GBP,"A made-up desk lamp for ACME's volume test, number 1781."
VS-01782,LED strip light 2 m 1782,Volume Supplies,Lighting,38.99,GBP,
VS-01783,Hand trowel 1783,Volume Supplies,Garden,39.99,GBP,"A made-up trowel for ACME's volume test, number 1783."
VS-01784,Rubber garden hose 15 m 1784,Volume Supplies,Garden,40.99,GBP,"A made-up garden hose for ACME's volume test, number 1784."
VS-01785,Kettle 1.7 L 1785,Volume Supplies,Kitchen,41.99,GBP,
VS-01786,Ceramic mixing bowl 1786,Volume Supplies,Kitchen,42.99,GBP,"A made-up mixing bowl for ACME's volume test, number 1786."
VS-01787,Saucepan 18 cm 1787,Volume Supplies,Kitchen,43.99,GBP,"A made-up saucepan for ACME's volume test, number 1787."
VS-01788,Brass desk lamp 1788,Volume Supplies,Lighting,44.99,GBP,
VS-01789,LED strip light 2 m 1789,Volume Supplies,Lighting,45.99,GBP,"A made-up strip light for ACME's volume test, number 1789."
VS-01790,S/S hand trowel 1790,Volume Supplies,Garden,46.99,GBP,"A made-up hand trowel for ACME's volume test, number 1790."
VS-01791,Rubber garden hose 15 m 1791,Volume Supplies,Garden,47.99,GBP,
VS-01792,Kettle 1.7 L 1792,Volume Supplies,Kitchen,48.99,GBP,"A made-up kettle for ACME's volume test, number 1792."
VS-01793,Ceramic mixing bowl 1793,Volume Supplies,Kitchen,49.99,GBP,"A made-up mixing bowl for ACME's volume test, number 1793."
VS-01794,Saucepan 18 cm 1794,Volume Supplies,Kitchen,50.99,GBP,
VS-01795,Brass desk lamp 1795,Volume Supplies,Lighting,51.99,GBP,"A made-up desk lamp for ACME's volume test, number 1795."
VS-01796,LED strip light 2 m 1796,Volume Supplies,Lighting,52.99,GBP,"A made-up strip light for ACME's volume test, number 1796."
VS-01797,Hand trowel 1797,Volume Supplies,Garden,53.99,GBP,
VS-01798,Rubber garden hose 15 m 1798,Volume Supplies,Garden,54.99,GBP,"A made-up garden hose for ACME's volume test, number 1798."
VS-01799,Kettle 1.7 L 1799,Volume Supplies,Kitchen,55.99,GBP,"A made-up kettle for ACME's volume test, number 1799."
VS-01800,S/S kettle 1800,Volume Supplies,Kitchen,56.99,GBP,
VS-01801,Saucepan 18 cm 1801,Volume Supplies,Kitchen,57.99,GBP,"A made-up saucepan for ACME's volume test, number 1801."
VS-01802,Brass desk lamp 1802,Volume Supplies,Lighting,58.99,GBP,"A made-up desk lamp for ACME's volume test, number 1802."
VS-01803,LED strip light 2 m 1803,Volume Supplies,Lighting,59.99,GBP,
VS-01804,Hand trowel 1804,Volume Supplies,Garden,60.99,GBP,"A made-up trowel for ACME's volume test, number 1804."
VS-01805,Rubber garden hose 15 m 1805,Volume Supplies,Garden,61.99,GBP,"A made-up garden hose for ACME's volume test, number 1805."
VS-01806,Kettle 1.7 L 1806,Volume Supplies,Kitchen,62.99,GBP,
VS-01807,Ceramic mixing bowl 1807,Volume Supplies,Kitchen,63.99,GBP,"A made-up mixing bowl for ACME's volume test, number 1807."
VS-01808,Saucepan 18 cm 1808,Volume Supplies,Kitchen,64.99,GBP,"A made-up saucepan for ACME's volume test, number 1808."
VS-01809,Brass desk lamp 1809,Volume Supplies,Lighting,65.99,GBP,
VS-01810,S/S hand trowel 1810,Volume Supplies,Lighting,66.99,GBP,"A made-up hand trowel for ACME's volume test, number 1810."
VS-01811,Hand trowel 1811,Volume Supplies,Garden,67.99,GBP,"A made-up trowel for ACME's volume test, number 1811."
VS-01812,Rubber garden hose 15 m 1812,Volume Supplies,Garden,68.99,GBP,
VS-01813,Kettle 1.7 L 1813,Volume Supplies,Kitchen,69.99,GBP,"A made-up kettle for ACME's volume test, number 1813."
VS-01814,Ceramic mixing bowl 1814,Volume Supplies,Kitchen,70.99,GBP,"A made-up mixing bowl for ACME's volume test, number 1814."
VS-01815,Saucepan 18 cm 1815,Volume Supplies,Kitchen,71.99,GBP,
VS-01816,Brass desk lamp 1816,Volume Supplies,Lighting,72.99,GBP,"A made-up desk lamp for ACME's volume test, number 1816."
VS-01817,LED strip light 2 m 1817,Volume Supplies,Lighting,73.99,GBP,"A made-up strip light for ACME's volume test, number 1817."
VS-01818,Hand trowel 1818,Volume Supplies,Garden,74.99,GBP,
VS-01819,Rubber garden hose 15 m 1819,Volume Supplies,Garden,75.99,GBP,"A made-up garden hose for ACME's volume test, number 1819."
VS-01820,S/S kettle 1820,Volume Supplies,Kitchen,76.99,GBP,"A made-up kettle for ACME's volume test, number 1820."
VS-01821,Ceramic mixing bowl 1821,Volume Supplies,Kitchen,77.99,GBP,
VS-01822,Saucepan 18 cm 1822,Volume Supplies,Kitchen,78.99,GBP,"A made-up saucepan for ACME's volume test, number 1822."
VS-01823,Brass desk lamp 1823,Volume Supplies,Lighting,79.99,GBP,"A made-up desk lamp for ACME's volume test, number 1823."
VS-01824,LED strip light 2 m 1824,Volume Supplies,Lighting,80.99,GBP,
VS-01825,Hand trowel 1825,Volume Supplies,Garden,81.99,GBP,"A made-up trowel for ACME's volume test, number 1825."
VS-01826,Rubber garden hose 15 m 1826,Volume Supplies,Garden,82.99,GBP,"A made-up garden hose for ACME's volume test, number 1826."
VS-01827,Kettle 1.7 L 1827,Volume Supplies,Kitchen,83.99,GBP,
VS-01828,Ceramic mixing bowl 1828,Volume Supplies,Kitchen,84.99,GBP,"A made-up mixing bowl for ACME's volume test, number 1828."
VS-01829,Saucepan 18 cm 1829,Volume Supplies,Kitchen,85.99,GBP,"A made-up saucepan for ACME's volume test, number 1829."
VS-01830,S/S hand trowel 1830,Volume Supplies,Lighting,86.99,GBP,
VS-01831,LED strip light 2 m 1831,Volume Supplies,Lighting,87.99,GBP,"A made-up strip light for ACME's volume test, number 1831."
VS-01832,Hand trowel 1832,Volume Supplies,Garden,88.99,GBP,"A made-up trowel for ACME's volume test, number 1832."
VS-01833,Rubber garden hose 15 m 1833,Volume Supplies,Garden,89.99,GBP,
VS-01834,Kettle 1.7 L 1834,Volume Supplies,Kitchen,90.99,GBP,"A made-up kettle for ACME's volume test, number 1834."
VS-01835,Ceramic mixing bowl 1835,Volume Supplies,Kitchen,91.99,GBP,"A made-up mixing bowl for ACME's volume test, number 1835."
VS-01836,Saucepan 18 cm 1836,Volume Supplies,Kitchen,92.99,GBP,
VS-01837,Brass desk lamp 1837,Volume Supplies,Lighting,93.99,GBP,"A made-up desk lamp for ACME's volume test, number 1837."
VS-01838,LED strip light 2 m 1838,Volume Supplies,Lighting,94.99,GBP,"A made-up strip light for ACME's volume test, number 1838."
VS-01839,Hand trowel 1839,Volume Supplies,Garden,95.99,GBP,
VS-01840,S/S kettle 1840,Volume Supplies,Garden,96.99,GBP,"A made-up kettle for ACME's volume test, number 1840."
VS-01841,Kettle 1.7 L 1841,Volume Supplies,Kitchen,97.99,GBP,"A made-up kettle for ACME's volume test, number 1841."
VS-01842,Ceramic mixing bowl 1842,Volume Supplies,Kitchen,98.99,GBP,
VS-01843,Saucepan 18 cm 1843,Volume Supplies,Kitchen,2.99,GBP,"A made-up saucepan for ACME's volume test, number 1843."
VS-01844,Brass desk lamp 1844,Volume Supplies,Lighting,3.99,GBP,"A made-up desk lamp for ACME's volume test, number 1844."
VS-01845,LED strip light 2 m 1845,Volume Supplies,Lighting,4.99,GBP,
VS-01846,Hand trowel 1846,Volume Supplies,Garden,5.99,GBP,"A made-up trowel for ACME's volume test, number 1846."
VS-01847,Rubber garden hose 15 m 1847,Volume Supplies,Garden,6.99,GBP,"A made-up garden hose for ACME's volume test, number 1847."
VS-01848,Kettle 1.7 L 1848,Volume Supplies,Kitchen,7.99,GBP,
VS-01849,Ceramic mixing bowl 1849,Volume Supplies,Kitchen,8.99,GBP,"A made-up mixing bowl for ACME's volume test, number 1849."
VS-01850,S/S hand trowel 1850,Volume Supplies,Kitchen,9.99,GBP,"A made-up hand trowel for ACME's volume test, number 1850."
VS-01851,Brass desk lamp 1851,Volume Supplies,Lighting,10.99,GBP,
VS-01852,LED strip light 2 m 1852,Volume Supplies,Lighting,11.99,GBP,"A made-up strip light for ACME's volume test, number 1852."
VS-01853,Hand trowel 1853,Volume Supplies,Garden,12.99,GBP,"A made-up trowel for ACME's volume test, number 1853."
VS-01854,Rubber garden hose 15 m 1854,Volume Supplies,Garden,13.99,GBP,
VS-01855,Kettle 1.7 L 1855,Volume Supplies,Kitchen,14.99,GBP,"A made-up kettle for ACME's volume test, number 1855."
VS-01856,Ceramic mixing bowl 1856,Volume Supplies,Kitchen,15.99,GBP,"A made-up mixing bowl for ACME's volume test, number 1856."
VS-01857,Saucepan 18 cm 1857,Volume Supplies,Kitchen,16.99,GBP,
VS-01858,Brass desk lamp 1858,Volume Supplies,Lighting,17.99,GBP,"A made-up desk lamp for ACME's volume test, number 1858."
VS-01859,LED strip light 2 m 1859,Volume Supplies,Lighting,18.99,GBP,"A made-up strip light for ACME's volume test, number 1859."
VS-01860,S/S kettle 1860,Volume Supplies,Garden,19.99,GBP,
VS-01861,Rubber garden hose 15 m 1861,Volume Supplies,Garden,20.99,GBP,"A made-up garden hose for ACME's volume test, number 1861."
VS-01862,Kettle 1.7 L 1862,Volume Supplies,Kitchen,21.99,GBP,"A made-up kettle for ACME's volume test, number 1862."
VS-01863,Ceramic mixing bowl 1863,Volume Supplies,Kitchen,22.99,GBP,
VS-01864,Saucepan 18 cm 1864,Volume Supplies,Kitchen,23.99,GBP,"A made-up saucepan for ACME's volume test, number 1864."
VS-01865,Brass desk lamp 1865,Volume Supplies,Lighting,24.99,GBP,"A made-up desk lamp for ACME's volume test, number 1865."
VS-01866,LED strip light 2 m 1866,Volume Supplies,Lighting,25.99,GBP,
VS-01867,Hand trowel 1867,Volume Supplies,Garden,26.99,GBP,"A made-up trowel for ACME's volume test, number 1867."
VS-01868,Rubber garden hose 15 m 1868,Volume Supplies,Garden,27.99,GBP,"A made-up garden hose for ACME's volume test, number 1868."
VS-01869,Kettle 1.7 L 1869,Volume Supplies,Kitchen,28.99,GBP,
VS-01870,S/S hand trowel 1870,Volume Supplies,Kitchen,29.99,GBP,"A made-up hand trowel for ACME's volume test, number 1870."
VS-01871,Saucepan 18 cm 1871,Volume Supplies,Kitchen,30.99,GBP,"A made-up saucepan for ACME's volume test, number 1871."
VS-01872,Brass desk lamp 1872,Volume Supplies,Lighting,31.99,GBP,
VS-01873,LED strip light 2 m 1873,Volume Supplies,Lighting,32.99,GBP,"A made-up strip light for ACME's volume test, number 1873."
VS-01874,Hand trowel 1874,Volume Supplies,Garden,33.99,GBP,"A made-up trowel for ACME's volume test, number 1874."
VS-01875,Rubber garden hose 15 m 1875,Volume Supplies,Garden,34.99,GBP,
VS-01876,Kettle 1.7 L 1876,Volume Supplies,Kitchen,35.99,GBP,"A made-up kettle for ACME's volume test, number 1876."
VS-01877,Ceramic mixing bowl 1877,Volume Supplies,Kitchen,36.99,GBP,"A made-up mixing bowl for ACME's volume test, number 1877."
VS-01878,Saucepan 18 cm 1878,Volume Supplies,Kitchen,37.99,GBP,
VS-01879,Brass desk lamp 1879,Volume Supplies,Lighting,38.99,GBP,"A made-up desk lamp for ACME's volume test, number 1879."
VS-01880,S/S kettle 1880,Volume Supplies,Lighting,39.99,GBP,"A made-up kettle for ACME's volume test, number 1880."
VS-01881,Hand trowel 1881,Volume Supplies,Garden,40.99,GBP,
VS-01882,Rubber garden hose 15 m 1882,Volume Supplies,Garden,41.99,GBP,"A made-up garden hose for ACME's volume test, number 1882."
VS-01883,Kettle 1.7 L 1883,Volume Supplies,Kitchen,42.99,GBP,"A made-up kettle for ACME's volume test, number 1883."
VS-01884,Ceramic mixing bowl 1884,Volume Supplies,Kitchen,43.99,GBP,
VS-01885,Saucepan 18 cm 1885,Volume Supplies,Kitchen,44.99,GBP,"A made-up saucepan for ACME's volume test, number 1885."
VS-01886,Brass desk lamp 1886,Volume Supplies,Lighting,45.99,GBP,"A made-up desk lamp for ACME's volume test, number 1886."
VS-01887,LED strip light 2 m 1887,Volume Supplies,Lighting,46.99,GBP,
VS-01888,Hand trowel 1888,Volume Supplies,Garden,47.99,GBP,"A made-up trowel for ACME's volume test, number 1888."
VS-01889,Rubber garden hose 15 m 1889,Volume Supplies,Garden,48.99,GBP,"A made-up garden hose for ACME's volume test, number 1889."
VS-01890,S/S hand trowel 1890,Volume Supplies,Kitchen,49.99,GBP,
VS-01891,Ceramic mixing bowl 1891,Volume Supplies,Kitchen,50.99,GBP,"A made-up mixing bowl for ACME's volume test, number 1891."
VS-01892,Saucepan 18 cm 1892,Volume Supplies,Kitchen,51.99,GBP,"A made-up saucepan for ACME's volume test, number 1892."
VS-01893,Brass desk lamp 1893,Volume Supplies,Lighting,52.99,GBP,
VS-01894,LED strip light 2 m 1894,Volume Supplies,Lighting,53.99,GBP,"A made-up strip light for ACME's volume test, number 1894."
VS-01895,Hand trowel 1895,Volume Supplies,Garden,54.99,GBP,"A made-up trowel for ACME's volume test, number 1895."
VS-01896,Rubber garden hose 15 m 1896,Volume Supplies,Garden,55.99,GBP,
VS-01897,Kettle 1.7 L 1897,Volume Supplies,Kitchen,56.99,GBP,"A made-up kettle for ACME's volume test, number 1897."
VS-01898,Ceramic mixing bowl 1898,Volume Supplies,Kitchen,57.99,GBP,"A made-up mixing bowl for ACME's volume test, number 1898."
VS-01899,Saucepan 18 cm 1899,Volume Supplies,Kitchen,58.99,GBP,
VS-01900,S/S kettle 1900,Volume Supplies,Lighting,59.99,GBP,"A made-up kettle for ACME's volume test, number 1900."
VS-01901,LED strip light 2 m 1901,Volume Supplies,Lighting,60.99,GBP,"A made-up strip light for ACME's volume test, number 1901."
VS-01902,Hand trowel 1902,Volume Supplies,Garden,61.99,GBP,
VS-01903,Rubber garden hose 15 m 1903,Volume Supplies,Garden,62.99,GBP,"A made-up garden hose for ACME's volume test, number 1903."
VS-01904,Kettle 1.7 L 1904,Volume Supplies,Kitchen,63.99,GBP,"A made-up kettle for ACME's volume test, number 1904."
VS-01905,Ceramic mixing bowl 1905,Volume Supplies,Kitchen,64.99,GBP,
VS-01906,Saucepan 18 cm 1906,Volume Supplies,Kitchen,65.99,GBP,"A made-up saucepan for ACME's volume test, number 1906."
VS-01907,Brass desk lamp 1907,Volume Supplies,Lighting,66.99,GBP,"A made-up desk lamp for ACME's volume test, number 1907."
VS-01908,LED strip light 2 m 1908,Volume Supplies,Lighting,67.99,GBP,
VS-01909,Hand trowel 1909,Volume Supplies,Garden,68.99,GBP,"A made-up trowel for ACME's volume test, number 1909."
VS-01910,S/S hand trowel 1910,Volume Supplies,Garden,69.99,GBP,"A made-up hand trowel for ACME's volume test, number 1910."
VS-01911,Kettle 1.7 L 1911,Volume Supplies,Kitchen,70.99,GBP,
VS-01912,Ceramic mixing bowl 1912,Volume Supplies,Kitchen,71.99,GBP,"A made-up mixing bowl for ACME's volume test, number 1912."
VS-01913,Saucepan 18 cm 1913,Volume Supplies,Kitchen,72.99,GBP,"A made-up saucepan for ACME's volume test, number 1913."
VS-01914,Brass desk lamp 1914,Volume Supplies,Lighting,73.99,GBP,
VS-01915,LED strip light 2 m 1915,Volume Supplies,Lighting,74.99,GBP,"A made-up strip light for ACME's volume test, number 1915."
VS-01916,Hand trowel 1916,Volume Supplies,Garden,75.99,GBP,"A made-up trowel for ACME's volume test, number 1916."
VS-01917,Rubber garden hose 15 m 1917,Volume Supplies,Garden,76.99,GBP,
VS-01918,Kettle 1.7 L 1918,Volume Supplies,Kitchen,77.99,GBP,"A made-up kettle for ACME's volume test, number 1918."
VS-01919,Ceramic mixing bowl 1919,Volume Supplies,Kitchen,78.99,GBP,"A made-up mixing bowl for ACME's volume test, number 1919."
VS-01920,S/S kettle 1920,Volume Supplies,Kitchen,79.99,GBP,
VS-01921,Brass desk lamp 1921,Volume Supplies,Lighting,80.99,GBP,"A made-up desk lamp for ACME's volume test, number 1921."
VS-01922,LED strip light 2 m 1922,Volume Supplies,Lighting,81.99,GBP,"A made-up strip light for ACME's volume test, number 1922."
VS-01923,Hand trowel 1923,Volume Supplies,Garden,82.99,GBP,
VS-01924,Rubber garden hose 15 m 1924,Volume Supplies,Garden,83.99,GBP,"A made-up garden hose for ACME's volume test, number 1924."
VS-01925,Kettle 1.7 L 1925,Volume Supplies,Kitchen,84.99,GBP,"A made-up kettle for ACME's volume test, number 1925."
VS-01926,Ceramic mixing bowl 1926,Volume Supplies,Kitchen,85.99,GBP,
VS-01927,Saucepan 18 cm 1927,Volume Supplies,Kitchen,86.99,GBP,"A made-up saucepan for ACME's volume test, number 1927."
VS-01928,Brass desk lamp 1928,Volume Supplies,Lighting,87.99,GBP,"A made-up desk lamp for ACME's volume test, number 1928."
VS-01929,LED strip light 2 m 1929,Volume Supplies,Lighting,88.99,GBP,
VS-01930,S/S hand trowel 1930,Volume Supplies,Garden,89.99,GBP,"A made-up hand trowel for ACME's volume test, number 1930."
VS-01931,Rubber garden hose 15 m 1931,Volume Supplies,Garden,90.99,GBP,"A made-up garden hose for ACME's volume test, number 1931."
VS-01932,Kettle 1.7 L 1932,Volume Supplies,Kitchen,91.99,GBP,
VS-01933,Ceramic mixing bowl 1933,Volume Supplies,Kitchen,92.99,GBP,"A made-up mixing bowl for ACME's volume test, number 1933."
VS-01934,Saucepan 18 cm 1934,Volume Supplies,Kitchen,93.99,GBP,"A made-up saucepan for ACME's volume test, number 1934."
VS-01935,Brass desk lamp 1935,Volume Supplies,Lighting,94.99,GBP,
VS-01936,LED strip light 2 m 1936,Volume Supplies,Lighting,95.99,GBP,"A made-up strip light for ACME's volume test, number 1936."
VS-01937,Hand trowel 1937,Volume Supplies,Garden,96.99,GBP,"A made-up trowel for ACME's volume test, number 1937."
VS-01938,Rubber garden hose 15 m 1938,Volume Supplies,Garden,97.99,GBP,
VS-01939,Kettle 1.7 L 1939,Volume Supplies,Kitchen,98.99,GBP,"A made-up kettle for ACME's volume test, number 1939."
VS-01940,S/S kettle 1940,Volume Supplies,Kitchen,2.99,GBP,"A made-up kettle for ACME's volume test, number 1940."
VS-01941,Saucepan 18 cm 1941,Volume Supplies,Kitchen,3.99,GBP,
VS-01942,Brass desk lamp 1942,Volume Supplies,Lighting,4.99,GBP,"A made-up desk lamp for ACME's volume test, number 1942."
VS-01943,LED strip light 2 m 1943,Volume Supplies,Lighting,5.99,GBP,"A made-up strip light for ACME's volume test, number 1943."
VS-01944,Hand trowel 1944,Volume Supplies,Garden,6.99,GBP,
VS-01945,Rubber garden hose 15 m 1945,Volume Supplies,Garden,7.99,GBP,"A made-up garden hose for ACME's volume test, number 1945."
VS-01946,Kettle 1.7 L 1946,Volume Supplies,Kitchen,8.99,GBP,"A made-up kettle for ACME's volume test, number 1946."
VS-01947,Ceramic mixing bowl 1947,Volume Supplies,Kitchen,9.99,GBP,
VS-01948,Saucepan 18 cm 1948,Volume Supplies,Kitchen,10.99,GBP,"A made-up saucepan for ACME's volume test, number 1948."
VS-01949,Brass desk lamp 1949,Volume Supplies,Lighting,11.99,GBP,"A made-up desk lamp for ACME's volume test, number 1949."
VS-01950,S/S hand trowel 1950,Volume Supplies,Lighting,12.99,GBP,
VS-01951,Hand trowel 1951,Volume Supplies,Garden,13.99,GBP,"A made-up trowel for ACME's volume test, number 1951."
VS-01952,Rubber garden hose 15 m 1952,Volume Supplies,Garden,14.99,GBP,"A made-up garden hose for ACME's volume test, number 1952."
VS-01953,Kettle 1.7 L 1953,Volume Supplies,Kitchen,15.99,GBP,
VS-01954,Ceramic mixing bowl 1954,Volume Supplies,Kitchen,16.99,GBP,"A made-up mixing bowl for ACME's volume test, number 1954."
VS-01955,Saucepan 18 cm 1955,Volume Supplies,Kitchen,17.99,GBP,"A made-up saucepan for ACME's volume test, number 1955."
VS-01956,Brass desk lamp 1956,Volume Supplies,Lighting,18.99,GBP,
VS-01957,LED strip light 2 m 1957,Volume Supplies,Lighting,19.99,GBP,"A made-up strip light for ACME's volume test, number 1957."
VS-01958,Hand trowel 1958,Volume Supplies,Garden,20.99,GBP,"A made-up trowel for ACME's volume test, number 1958."
VS-01959,Rubber garden hose 15 m 1959,Volume Supplies,Garden,21.99,GBP,
VS-01960,S/S kettle 1960,Volume Supplies,Kitchen,22.99,GBP,"A made-up kettle for ACME's volume test, number 1960."
VS-01961,Ceramic mixing bowl 1961,Volume Supplies,Kitchen,23.99,GBP,"A made-up mixing bowl for ACME's volume test, number 1961."
VS-01962,Saucepan 18 cm 1962,Volume Supplies,Kitchen,24.99,GBP,
VS-01963,Brass desk lamp 1963,Volume Supplies,Lighting,25.99,GBP,"A made-up desk lamp for ACME's volume test, number 1963."
VS-01964,LED strip light 2 m 1964,Volume Supplies,Lighting,26.99,GBP,"A made-up strip light for ACME's volume test, number 1964."
VS-01965,Hand trowel 1965,Volume Supplies,Garden,27.99,GBP,
VS-01966,Rubber garden hose 15 m 1966,Volume Supplies,Garden,28.99,GBP,"A made-up garden hose for ACME's volume test, number 1966."
VS-01967,Kettle 1.7 L 1967,Volume Supplies,Kitchen,29.99,GBP,"A made-up kettle for ACME's volume test, number 1967."
VS-01968,Ceramic mixing bowl 1968,Volume Supplies,Kitchen,30.99,GBP,
VS-01969,Saucepan 18 cm 1969,Volume Supplies,Kitchen,31.99,GBP,"A made-up saucepan for ACME's volume test, number 1969."
VS-01970,S/S hand trowel 1970,Volume Supplies,Lighting,32.99,GBP,"A made-up hand trowel for ACME's volume test, number 1970."
VS-01971,LED strip light 2 m 1971,Volume Supplies,Lighting,33.99,GBP,
VS-01972,Hand trowel 1972,Volume Supplies,Garden,34.99,GBP,"A made-up trowel for ACME's volume test, number 1972."
VS-01973,Rubber garden hose 15 m 1973,Volume Supplies,Garden,35.99,GBP,"A made-up garden hose for ACME's volume test, number 1973."
VS-01974,Kettle 1.7 L 1974,Volume Supplies,Kitchen,36.99,GBP,
VS-01975,Ceramic mixing bowl 1975,Volume Supplies,Kitchen,37.99,GBP,"A made-up mixing bowl for ACME's volume test, number 1975."
VS-01976,Saucepan 18 cm 1976,Volume Supplies,Kitchen,38.99,GBP,"A made-up saucepan for ACME's volume test, number 1976."
VS-01977,Brass desk lamp 1977,Volume Supplies,Lighting,39.99,GBP,
VS-01978,LED strip light 2 m 1978,Volume Supplies,Lighting,40.99,GBP,"A made-up strip light for ACME's volume test, number 1978."
VS-01979,Hand trowel 1979,Volume Supplies,Garden,41.99,GBP,"A made-up trowel for ACME's volume test, number 1979."
VS-01980,S/S kettle 1980,Volume Supplies,Garden,42.99,GBP,
VS-01981,Kettle 1.7 L 1981,Volume Supplies,Kitchen,43.99,GBP,"A made-up kettle for ACME's volume test, number 1981."
VS-01982,Ceramic mixing bowl 1982,Volume Supplies,Kitchen,44.99,GBP,"A made-up mixing bowl for ACME's volume test, number 1982."
VS-01983,Saucepan 18 cm 1983,Volume Supplies,Kitchen,45.99,GBP,
VS-01984,Brass desk lamp 1984,Volume Supplies,Lighting,46.99,GBP,"A made-up desk lamp for ACME's volume test, number 1984."
VS-01985,LED strip light 2 m 1985,Volume Supplies,Lighting,47.99,GBP,"A made-up strip light for ACME's volume test, number 1985."
VS-01986,Hand trowel 1986,Volume Supplies,Garden,48.99,GBP,
VS-01987,Rubber garden hose 15 m 1987,Volume Supplies,Garden,49.99,GBP,"A made-up garden hose for ACME's volume test, number 1987."
VS-01988,Kettle 1.7 L 1988,Volume Supplies,Kitchen,50.99,GBP,"A made-up kettle for ACME's volume test, number 1988."
VS-01989,Ceramic mixing bowl 1989,Volume Supplies,Kitchen,51.99,GBP,
VS-01990,S/S hand trowel 1990,Volume Supplies,Kitchen,52.99,GBP,"A made-up hand trowel for ACME's volume test, number 1990."
VS-01991,Brass desk lamp 1991,Volume Supplies,Lighting,53.99,GBP,"A made-up desk lamp for ACME's volume test, number 1991."
VS-01992,LED strip light 2 m 1992,Volume Supplies,Lighting,54.99,GBP,
VS-01993,Hand trowel 1993,Volume Supplies,Garden,55.99,GBP,"A made-up trowel for ACME's volume test, number 1993."
VS-01994,Rubber garden hose 15 m 1994,Volume Supplies,Garden,56.99,GBP,"A made-up garden hose for ACME's volume test, number 1994."
VS-01995,Kettle 1.7 L 1995,Volume Supplies,Kitchen,57.99,GBP,
VS-01996,Ceramic mixing bowl 1996,Volume Supplies,Kitchen,58.99,GBP,"A made-up mixing bowl for ACME's volume test, number 1996."
VS-01997,Saucepan 18 cm 1997,Volume Supplies,Kitchen,59.99,GBP,"A made-up saucepan for ACME's volume test, number 1997."
VS-01998,Brass desk lamp 1998,Volume Supplies,Lighting,60.99,GBP,
VS-01999,LED strip light 2 m 1999,Volume Supplies,Lighting,61.99,GBP,"A made-up strip light for ACME's volume test, number 1999."
VS-02000,S/S kettle 2000,Volume Supplies,Garden,62.99,GBP,"A made-up kettle for ACME's volume test, number 2000."
VS-02001,Rubber garden hose 15 m 2001,Volume Supplies,Garden,63.99,GBP,
VS-02002,Kettle 1.7 L 2002,Volume Supplies,Kitchen,64.99,GBP,"A made-up kettle for ACME's volume test, number 2002."
VS-02003,Ceramic mixing bowl 2003,Volume Supplies,Kitchen,65.99,GBP,"A made-up mixing bowl for ACME's volume test, number 2003."
VS-02004,Saucepan 18 cm 2004,Volume Supplies,Kitchen,66.99,GBP,
VS-02005,Brass desk lamp 2005,Volume Supplies,Lighting,67.99,GBP,"A made-up desk lamp for ACME's volume test, number 2005."
VS-02006,LED strip light 2 m 2006,Volume Supplies,Lighting,68.99,GBP,"A made-up strip light for ACME's volume test, number 2006."
VS-02007,Hand trowel 2007,Volume Supplies,Garden,69.99,GBP,
VS-02008,Rubber garden hose 15 m 2008,Volume Supplies,Garden,70.99,GBP,"A made-up garden hose for ACME's volume test, number 2008."
VS-02009,Kettle 1.7 L 2009,Volume Supplies,Kitchen,71.99,GBP,"A made-up kettle for ACME's volume test, number 2009."
VS-02010,S/S hand trowel 2010,Volume Supplies,Kitchen,72.99,GBP,
VS-02011,Saucepan 18 cm 2011,Volume Supplies,Kitchen,73.99,GBP,"A made-up saucepan for ACME's volume test, number 2011."
VS-02012,Brass desk lamp 2012,Volume Supplies,Lighting,74.99,GBP,"A made-up desk lamp for ACME's volume test, number 2012."
VS-02013,LED strip light 2 m 2013,Volume Supplies,Lighting,75.99,GBP,
VS-02014,Hand trowel 2014,Volume Supplies,Garden,76.99,GBP,"A made-up trowel for ACME's volume test, number 2014."
VS-02015,Rubber garden hose 15 m 2015,Volume Supplies,Garden,77.99,GBP,"A made-up garden hose for ACME's volume test, number 2015."
VS-02016,Kettle 1.7 L 2016,Volume Supplies,Kitchen,78.99,GBP,
VS-02017,Ceramic mixing bowl 2017,Volume Supplies,Kitchen,79.99,GBP,"A made-up mixing bowl for ACME's volume test, number 2017."
VS-02018,Saucepan 18 cm 2018,Volume Supplies,Kitchen,80.99,GBP,"A made-up saucepan for ACME's volume test, number 2018."
VS-02019,Brass desk lamp 2019,Volume Supplies,Lighting,81.99,GBP,
VS-02020,S/S kettle 2020,Volume Supplies,Lighting,82.99,GBP,"A made-up kettle for ACME's volume test, number 2020."
VS-02021,Hand trowel 2021,Volume Supplies,Garden,83.99,GBP,"A made-up trowel for ACME's volume test, number 2021."
VS-02022,Rubber garden hose 15 m 2022,Volume Supplies,Garden,84.99,GBP,
VS-02023,Kettle 1.7 L 2023,Volume Supplies,Kitchen,85.99,GBP,"A made-up kettle for ACME's volume test, number 2023."
VS-02024,Ceramic mixing bowl 2024,Volume Supplies,Kitchen,86.99,GBP,"A made-up mixing bowl for ACME's volume test, number 2024."
VS-02025,Saucepan 18 cm 2025,Volume Supplies,Kitchen,87.99,GBP,
VS-02026,Brass desk lamp 2026,Volume Supplies,Lighting,88.99,GBP,"A made-up desk lamp for ACME's volume test, number 2026."
VS-02027,LED strip light 2 m 2027,Volume Supplies,Lighting,89.99,GBP,"A made-up strip light for ACME's volume test, number 2027."
VS-02028,Hand trowel 2028,Volume Supplies,Garden,90.99,GBP,
VS-02029,Rubber garden hose 15 m 2029,Volume Supplies,Garden,91.99,GBP,"A made-up garden hose for ACME's volume test, number 2029."
VS-02030,S/S hand trowel 2030,Volume Supplies,Kitchen,92.99,GBP,"A made-up hand trowel for ACME's volume test, number 2030."
VS-02031,Ceramic mixing bowl 2031,Volume Supplies,Kitchen,93.99,GBP,
VS-02032,Saucepan 18 cm 2032,Volume Supplies,Kitchen,94.99,GBP,"A made-up saucepan for ACME's volume test, number 2032."
VS-02033,Brass desk lamp 2033,Volume Supplies,Lighting,95.99,GBP,"A made-up desk lamp for ACME's volume test, number 2033."
VS-02034,LED strip light 2 m 2034,Volume Supplies,Lighting,96.99,GBP,
VS-02035,Hand trowel 2035,Volume Supplies,Garden,97.99,GBP,"A made-up trowel for ACME's volume test, number 2035."
VS-02036,Rubber garden hose 15 m 2036,Volume Supplies,Garden,98.99,GBP,"A made-up garden hose for ACME's volume test, number 2036."
VS-02037,Kettle 1.7 L 2037,Volume Supplies,Kitchen,2.99,GBP,
VS-02038,Ceramic mixing bowl 2038,Volume Supplies,Kitchen,3.99,GBP,"A made-up mixing bowl for ACME's volume test, number 2038."
VS-02039,Saucepan 18 cm 2039,Volume Supplies,Kitchen,4.99,GBP,"A made-up saucepan for ACME's volume test, number 2039."
VS-02040,S/S kettle 2040,Volume Supplies,Lighting,5.99,GBP,
VS-02041,LED strip light 2 m 2041,Volume Supplies,Lighting,6.99,GBP,"A made-up strip light for ACME's volume test, number 2041."
VS-02042,Hand trowel 2042,Volume Supplies,Garden,7.99,GBP,"A made-up trowel for ACME's volume test, number 2042."
VS-02043,Rubber garden hose 15 m 2043,Volume Supplies,Garden,8.99,GBP,
VS-02044,Kettle 1.7 L 2044,Volume Supplies,Kitchen,9.99,GBP,"A made-up kettle for ACME's volume test, number 2044."
VS-02045,Ceramic mixing bowl 2045,Volume Supplies,Kitchen,10.99,GBP,"A made-up mixing bowl for ACME's volume test, number 2045."
VS-02046,Saucepan 18 cm 2046,Volume Supplies,Kitchen,11.99,GBP,
VS-02047,Brass desk lamp 2047,Volume Supplies,Lighting,12.99,GBP,"A made-up desk lamp for ACME's volume test, number 2047."
VS-02048,LED strip light 2 m 2048,Volume Supplies,Lighting,13.99,GBP,"A made-up strip light for ACME's volume test, number 2048."
VS-02049,Hand trowel 2049,Volume Supplies,Garden,14.99,GBP,
VS-02050,S/S hand trowel 2050,Volume Supplies,Garden,15.99,GBP,"A made-up hand trowel for ACME's volume test, number 2050."
VS-02051,Kettle 1.7 L 2051,Volume Supplies,Kitchen,16.99,GBP,"A made-up kettle for ACME's volume test, number 2051."
VS-02052,Ceramic mixing bowl 2052,Volume Supplies,Kitchen,17.99,GBP,
VS-02053,Saucepan 18 cm 2053,Volume Supplies,Kitchen,18.99,GBP,"A made-up saucepan for ACME's volume test, number 2053."
VS-02054,Brass desk lamp 2054,Volume Supplies,Lighting,19.99,GBP,"A made-up desk lamp for ACME's volume test, number 2054."
VS-02055,LED strip light 2 m 2055,Volume Supplies,Lighting,20.99,GBP,
VS-02056,Hand trowel 2056,Volume Supplies,Garden,21.99,GBP,"A made-up trowel for ACME's volume test, number 2056."
VS-02057,Rubber garden hose 15 m 2057,Volume Supplies,Garden,22.99,GBP,"A made-up garden hose for ACME's volume test, number 2057."
VS-02058,Kettle 1.7 L 2058,Volume Supplies,Kitchen,23.99,GBP,
VS-02059,Ceramic mixing bowl 2059,Volume Supplies,Kitchen,24.99,GBP,"A made-up mixing bowl for ACME's volume test, number 2059."
VS-02060,S/S kettle 2060,Volume Supplies,Kitchen,25.99,GBP,"A made-up kettle for ACME's volume test, number 2060."
VS-02061,Brass desk lamp 2061,Volume Supplies,Lighting,26.99,GBP,
VS-02062,LED strip light 2 m 2062,Volume Supplies,Lighting,27.99,GBP,"A made-up strip light for ACME's volume test, number 2062."
VS-02063,Hand trowel 2063,Volume Supplies,Garden,28.99,GBP,"A made-up trowel for ACME's volume test, number 2063."
VS-02064,Rubber garden hose 15 m 2064,Volume Supplies,Garden,29.99,GBP,
VS-02065,Kettle 1.7 L 2065,Volume Supplies,Kitchen,30.99,GBP,"A made-up kettle for ACME's volume test, number 2065."
VS-02066,Ceramic mixing bowl 2066,Volume Supplies,Kitchen,31.99,GBP,"A made-up mixing bowl for ACME's volume test, number 2066."
VS-02067,Saucepan 18 cm 2067,Volume Supplies,Kitchen,32.99,GBP,
VS-02068,Brass desk lamp 2068,Volume Supplies,Lighting,33.99,GBP,"A made-up desk lamp for ACME's volume test, number 2068."
VS-02069,LED strip light 2 m 2069,Volume Supplies,Lighting,34.99,GBP,"A made-up strip light for ACME's volume test, number 2069."
VS-02070,S/S hand trowel 2070,Volume Supplies,Garden,35.99,GBP,
VS-02071,Rubber garden hose 15 m 2071,Volume Supplies,Garden,36.99,GBP,"A made-up garden hose for ACME's volume test, number 2071."
VS-02072,Kettle 1.7 L 2072,Volume Supplies,Kitchen,37.99,GBP,"A made-up kettle for ACME's volume test, number 2072."
VS-02073,Ceramic mixing bowl 2073,Volume Supplies,Kitchen,38.99,GBP,
VS-02074,Saucepan 18 cm 2074,Volume Supplies,Kitchen,39.99,GBP,"A made-up saucepan for ACME's volume test, number 2074."
VS-02075,Brass desk lamp 2075,Volume Supplies,Lighting,40.99,GBP,"A made-up desk lamp for ACME's volume test, number 2075."
VS-02076,LED strip light 2 m 2076,Volume Supplies,Lighting,41.99,GBP,
VS-02077,Hand trowel 2077,Volume Supplies,Garden,42.99,GBP,"A made-up trowel for ACME's volume test, number 2077."
VS-02078,Rubber garden hose 15 m 2078,Volume Supplies,Garden,43.99,GBP,"A made-up garden hose for ACME's volume test, number 2078."
VS-02079,Kettle 1.7 L 2079,Volume Supplies,Kitchen,44.99,GBP,
VS-02080,S/S kettle 2080,Volume Supplies,Kitchen,45.99,GBP,"A made-up kettle for ACME's volume test, number 2080."
VS-02081,Saucepan 18 cm 2081,Volume Supplies,Kitchen,46.99,GBP,"A made-up saucepan for ACME's volume test, number 2081."
VS-02082,Brass desk lamp 2082,Volume Supplies,Lighting,47.99,GBP,
VS-02083,LED strip light 2 m 2083,Volume Supplies,Lighting,48.99,GBP,"A made-up strip light for ACME's volume test, number 2083."
VS-02084,Hand trowel 2084,Volume Supplies,Garden,49.99,GBP,"A made-up trowel for ACME's volume test, number 2084."
VS-02085,Rubber garden hose 15 m 2085,Volume Supplies,Garden,50.99,GBP,
VS-02086,Kettle 1.7 L 2086,Volume Supplies,Kitchen,51.99,GBP,"A made-up kettle for ACME's volume test, number 2086."
VS-02087,Ceramic mixing bowl 2087,Volume Supplies,Kitchen,52.99,GBP,"A made-up mixing bowl for ACME's volume test, number 2087."
VS-02088,Saucepan 18 cm 2088,Volume Supplies,Kitchen,53.99,GBP,
VS-02089,Brass desk lamp 2089,Volume Supplies,Lighting,54.99,GBP,"A made-up desk lamp for ACME's volume test, number 2089."
VS-02090,S/S hand trowel 2090,Volume Supplies,Lighting,55.99,GBP,"A made-up hand trowel for ACME's volume test, number 2090."
VS-02091,Hand trowel 2091,Volume Supplies,Garden,56.99,GBP,
VS-02092,Rubber garden hose 15 m 2092,Volume Supplies,Garden,57.99,GBP,"A made-up garden hose for ACME's volume test, number 2092."
VS-02093,Kettle 1.7 L 2093,Volume Supplies,Kitchen,58.99,GBP,"A made-up kettle for ACME's volume test, number 2093."
VS-02094,Ceramic mixing bowl 2094,Volume Supplies,Kitchen,59.99,GBP,
VS-02095,Saucepan 18 cm 2095,Volume Supplies,Kitchen,60.99,GBP,"A made-up saucepan for ACME's volume test, number 2095."
VS-02096,Brass desk lamp 2096,Volume Supplies,Lighting,61.99,GBP,"A made-up desk lamp for ACME's volume test, number 2096."
VS-02097,LED strip light 2 m 2097,Volume Supplies,Lighting,62.99,GBP,
VS-02098,Hand trowel 2098,Volume Supplies,Garden,63.99,GBP,"A made-up trowel for ACME's volume test, number 2098."
VS-02099,Rubber garden hose 15 m 2099,Volume Supplies,Garden,64.99,GBP,"A made-up garden hose for ACME's volume test, number 2099."
VS-02100,S/S kettle 2100,Volume Supplies,Kitchen,65.99,GBP,
VS-02101,Ceramic mixing bowl 2101,Volume Supplies,Kitchen,66.99,GBP,"A made-up mixing bowl for ACME's volume test, number 2101."
VS-02102,Saucepan 18 cm 2102,Volume Supplies,Kitchen,67.99,GBP,"A made-up saucepan for ACME's volume test, number 2102."
VS-02103,Brass desk lamp 2103,Volume Supplies,Lighting,68.99,GBP,
VS-02104,LED strip light 2 m 2104,Volume Supplies,Lighting,69.99,GBP,"A made-up strip light for ACME's volume test, number 2104."
VS-02105,Hand trowel 2105,Volume Supplies,Garden,70.99,GBP,"A made-up trowel for ACME's volume test, number 2105."
VS-02106,Rubber garden hose 15 m 2106,Volume Supplies,Garden,71.99,GBP,
VS-02107,Kettle 1.7 L 2107,Volume Supplies,Kitchen,72.99,GBP,"A made-up kettle for ACME's volume test, number 2107."
VS-02108,Ceramic mixing bowl 2108,Volume Supplies,Kitchen,73.99,GBP,"A made-up mixing bowl for ACME's volume test, number 2108."
VS-02109,Saucepan 18 cm 2109,Volume Supplies,Kitchen,74.99,GBP,
VS-02110,S/S hand trowel 2110,Volume Supplies,Lighting,75.99,GBP,"A made-up hand trowel for ACME's volume test, number 2110."
VS-02111,LED strip light 2 m 2111,Volume Supplies,Lighting,76.99,GBP,"A made-up strip light for ACME's volume test, number 2111."
VS-02112,Hand trowel 2112,Volume Supplies,Garden,77.99,GBP,
VS-02113,Rubber garden hose 15 m 2113,Volume Supplies,Garden,78.99,GBP,"A made-up garden hose for ACME's volume test, number 2113."
VS-02114,Kettle 1.7 L 2114,Volume Supplies,Kitchen,79.99,GBP,"A made-up kettle for ACME's volume test, number 2114."
VS-02115,Ceramic mixing bowl 2115,Volume Supplies,Kitchen,80.99,GBP,
VS-02116,Saucepan 18 cm 2116,Volume Supplies,Kitchen,81.99,GBP,"A made-up saucepan for ACME's volume test, number 2116."
VS-02117,Brass desk lamp 2117,Volume Supplies,Lighting,82.99,GBP,"A made-up desk lamp for ACME's volume test, number 2117."
VS-02118,LED strip light 2 m 2118,Volume Supplies,Lighting,83.99,GBP,
VS-02119,Hand trowel 2119,Volume Supplies,Garden,84.99,GBP,"A made-up trowel for ACME's volume test, number 2119."
VS-02120,S/S kettle 2120,Volume Supplies,Garden,85.99,GBP,"A made-up kettle for ACME's volume test, number 2120."
VS-02121,Kettle 1.7 L 2121,Volume Supplies,Kitchen,86.99,GBP,
VS-02122,Ceramic mixing bowl 2122,Volume Supplies,Kitchen,87.99,GBP,"A made-up mixing bowl for ACME's volume test, number 2122."
VS-02123,Saucepan 18 cm 2123,Volume Supplies,Kitchen,88.99,GBP,"A made-up saucepan for ACME's volume test, number 2123."
VS-02124,Brass desk lamp 2124,Volume Supplies,Lighting,89.99,GBP,
VS-02125,LED strip light 2 m 2125,Volume Supplies,Lighting,90.99,GBP,"A made-up strip light for ACME's volume test, number 2125."
VS-02126,Hand trowel 2126,Volume Supplies,Garden,91.99,GBP,"A made-up trowel for ACME's volume test, number 2126."
VS-02127,Rubber garden hose 15 m 2127,Volume Supplies,Garden,92.99,GBP,
VS-02128,Kettle 1.7 L 2128,Volume Supplies,Kitchen,93.99,GBP,"A made-up kettle for ACME's volume test, number 2128."
VS-02129,Ceramic mixing bowl 2129,Volume Supplies,Kitchen,94.99,GBP,"A made-up mixing bowl for ACME's volume test, number 2129."
VS-02130,S/S hand trowel 2130,Volume Supplies,Kitchen,95.99,GBP,
VS-02131,Brass desk lamp 2131,Volume Supplies,Lighting,96.99,GBP,"A made-up desk lamp for ACME's volume test, number 2131."
VS-02132,LED strip light 2 m 2132,Volume Supplies,Lighting,97.99,GBP,"A made-up strip light for ACME's volume test, number 2132."
VS-02133,Hand trowel 2133,Volume Supplies,Garden,98.99,GBP,
VS-02134,Rubber garden hose 15 m 2134,Volume Supplies,Garden,2.99,GBP,"A made-up garden hose for ACME's volume test, number 2134."
VS-02135,Kettle 1.7 L 2135,Volume Supplies,Kitchen,3.99,GBP,"A made-up kettle for ACME's volume test, number 2135."
VS-02136,Ceramic mixing bowl 2136,Volume Supplies,Kitchen,4.99,GBP,
VS-02137,Saucepan 18 cm 2137,Volume Supplies,Kitchen,5.99,GBP,"A made-up saucepan for ACME's volume test, number 2137."
VS-02138,Brass desk lamp 2138,Volume Supplies,Lighting,6.99,GBP,"A made-up desk lamp for ACME's volume test, number 2138."
VS-02139,LED strip light 2 m 2139,Volume Supplies,Lighting,7.99,GBP,
VS-02140,S/S kettle 2140,Volume Supplies,Garden,8.99,GBP,"A made-up kettle for ACME's volume test, number 2140."
VS-02141,Rubber garden hose 15 m 2141,Volume Supplies,Garden,9.99,GBP,"A made-up garden hose for ACME's volume test, number 2141."
VS-02142,Kettle 1.7 L 2142,Volume Supplies,Kitchen,10.99,GBP,
VS-02143,Ceramic mixing bowl 2143,Volume Supplies,Kitchen,11.99,GBP,"A made-up mixing bowl for ACME's volume test, number 2143."
VS-02144,Saucepan 18 cm 2144,Volume Supplies,Kitchen,12.99,GBP,"A made-up saucepan for ACME's volume test, number 2144."
VS-02145,Brass desk lamp 2145,Volume Supplies,Lighting,13.99,GBP,
VS-02146,LED strip light 2 m 2146,Volume Supplies,Lighting,14.99,GBP,"A made-up strip light for ACME's volume test, number 2146."
VS-02147,Hand trowel 2147,Volume Supplies,Garden,15.99,GBP,"A made-up trowel for ACME's volume test, number 2147."
VS-02148,Rubber garden hose 15 m 2148,Volume Supplies,Garden,16.99,GBP,
VS-02149,Kettle 1.7 L 2149,Volume Supplies,Kitchen,17.99,GBP,"A made-up kettle for ACME's volume test, number 2149."
VS-02150,S/S hand trowel 2150,Volume Supplies,Kitchen,18.99,GBP,"A made-up hand trowel for ACME's volume test, number 2150."
VS-02151,Saucepan 18 cm 2151,Volume Supplies,Kitchen,19.99,GBP,
VS-02152,Brass desk lamp 2152,Volume Supplies,Lighting,20.99,GBP,"A made-up desk lamp for ACME's volume test, number 2152."
VS-02153,LED strip light 2 m 2153,Volume Supplies,Lighting,21.99,GBP,"A made-up strip light for ACME's volume test, number 2153."
VS-02154,Hand trowel 2154,Volume Supplies,Garden,22.99,GBP,
VS-02155,Rubber garden hose 15 m 2155,Volume Supplies,Garden,23.99,GBP,"A made-up garden hose for ACME's volume test, number 2155."
VS-02156,Kettle 1.7 L 2156,Volume Supplies,Kitchen,24.99,GBP,"A made-up kettle for ACME's volume test, number 2156."
VS-02157,Ceramic mixing bowl 2157,Volume Supplies,Kitchen,25.99,GBP,
VS-02158,Saucepan 18 cm 2158,Volume Supplies,Kitchen,26.99,GBP,"A made-up saucepan for ACME's volume test, number 2158."
VS-02159,Brass desk lamp 2159,Volume Supplies,Lighting,27.99,GBP,"A made-up desk lamp for ACME's volume test, number 2159."
VS-02160,S/S kettle 2160,Volume Supplies,Lighting,28.99,GBP,
VS-02161,Hand trowel 2161,Volume Supplies,Garden,29.99,GBP,"A made-up trowel for ACME's volume test, number 2161."
VS-02162,Rubber garden hose 15 m 2162,Volume Supplies,Garden,30.99,GBP,"A made-up garden hose for ACME's volume test, number 2162."
VS-02163,Kettle 1.7 L 2163,Volume Supplies,Kitchen,31.99,GBP,
VS-02164,Ceramic mixing bowl 2164,Volume Supplies,Kitchen,32.99,GBP,"A made-up mixing bowl for ACME's volume test, number 2164."
VS-02165,Saucepan 18 cm 2165,Volume Supplies,Kitchen,33.99,GBP,"A made-up saucepan for ACME's volume test, number 2165."
VS-02166,Brass desk lamp 2166,Volume Supplies,Lighting,34.99,GBP,
VS-02167,LED strip light 2 m 2167,Volume Supplies,Lighting,35.99,GBP,"A made-up strip light for ACME's volume test, number 2167."
VS-02168,Hand trowel 2168,Volume Supplies,Garden,36.99,GBP,"A made-up trowel for ACME's volume test, number 2168."
VS-02169,Rubber garden hose 15 m 2169,Volume Supplies,Garden,37.99,GBP,
VS-02170,S/S hand trowel 2170,Volume Supplies,Kitchen,38.99,GBP,"A made-up hand trowel for ACME's volume test, number 2170."
VS-02171,Ceramic mixing bowl 2171,Volume Supplies,Kitchen,39.99,GBP,"A made-up mixing bowl for ACME's volume test, number 2171."
VS-02172,Saucepan 18 cm 2172,Volume Supplies,Kitchen,40.99,GBP,
VS-02173,Brass desk lamp 2173,Volume Supplies,Lighting,41.99,GBP,"A made-up desk lamp for ACME's volume test, number 2173."
VS-02174,LED strip light 2 m 2174,Volume Supplies,Lighting,42.99,GBP,"A made-up strip light for ACME's volume test, number 2174."
VS-02175,Hand trowel 2175,Volume Supplies,Garden,43.99,GBP,
VS-02176,Rubber garden hose 15 m 2176,Volume Supplies,Garden,44.99,GBP,"A made-up garden hose for ACME's volume test, number 2176."
VS-02177,Kettle 1.7 L 2177,Volume Supplies,Kitchen,45.99,GBP,"A made-up kettle for ACME's volume test, number 2177."
VS-02178,Ceramic mixing bowl 2178,Volume Supplies,Kitchen,46.99,GBP,
VS-02179,Saucepan 18 cm 2179,Volume Supplies,Kitchen,47.99,GBP,"A made-up saucepan for ACME's volume test, number 2179."
VS-02180,S/S kettle 2180,Volume Supplies,Lighting,48.99,GBP,"A made-up kettle for ACME's volume test, number 2180."
VS-02181,LED strip light 2 m 2181,Volume Supplies,Lighting,49.99,GBP,
VS-02182,Hand trowel 2182,Volume Supplies,Garden,50.99,GBP,"A made-up trowel for ACME's volume test, number 2182."
VS-02183,Rubber garden hose 15 m 2183,Volume Supplies,Garden,51.99,GBP,"A made-up garden hose for ACME's volume test, number 2183."
VS-02184,Kettle 1.7 L 2184,Volume Supplies,Kitchen,52.99,GBP,
VS-02185,Ceramic mixing bowl 2185,Volume Supplies,Kitchen,53.99,GBP,"A made-up mixing bowl for ACME's volume test, number 2185."
VS-02186,Saucepan 18 cm 2186,Volume Supplies,Kitchen,54.99,GBP,"A made-up saucepan for ACME's volume test, number 2186."
VS-02187,Brass desk lamp 2187,Volume Supplies,Lighting,55.99,GBP,
VS-02188,LED strip light 2 m 2188,Volume Supplies,Lighting,56.99,GBP,"A made-up strip light for ACME's volume test, number 2188."
VS-02189,Hand trowel 2189,Volume Supplies,Garden,57.99,GBP,"A made-up trowel for ACME's volume test, number 2189."
VS-02190,S/S hand trowel 2190,Volume Supplies,Garden,58.99,GBP,
VS-02191,Kettle 1.7 L 2191,Volume Supplies,Kitchen,59.99,GBP,"A made-up kettle for ACME's volume test, number 2191."
VS-02192,Ceramic mixing bowl 2192,Volume Supplies,Kitchen,60.99,GBP,"A made-up mixing bowl for ACME's volume test, number 2192."
VS-02193,Saucepan 18 cm 2193,Volume Supplies,Kitchen,61.99,GBP,
VS-02194,Brass desk lamp 2194,Volume Supplies,Lighting,62.99,GBP,"A made-up desk lamp for ACME's volume test, number 2194."
VS-02195,LED strip light 2 m 2195,Volume Supplies,Lighting,63.99,GBP,"A made-up strip light for ACME's volume test, number 2195."
VS-02196,Hand trowel 2196,Volume Supplies,Garden,64.99,GBP,
VS-02197,Rubber garden hose 15 m 2197,Volume Supplies,Garden,65.99,GBP,"A made-up garden hose for ACME's volume test, number 2197."
VS-02198,Kettle 1.7 L 2198,Volume Supplies,Kitchen,66.99,GBP,"A made-up kettle for ACME's volume test, number 2198."
VS-02199,Ceramic mixing bowl 2199,Volume Supplies,Kitchen,67.99,GBP,
VS-02200,S/S kettle 2200,Volume Supplies,Kitchen,68.99,GBP,"A made-up kettle for ACME's volume test, number 2200."
VS-02201,Brass desk lamp 2201,Volume Supplies,Lighting,69.99,GBP,"A made-up desk lamp for ACME's volume test, number 2201."
VS-02202,LED strip light 2 m 2202,Volume Supplies,Lighting,70.99,GBP,
VS-02203,Hand trowel 2203,Volume Supplies,Garden,71.99,GBP,"A made-up trowel for ACME's volume test, number 2203."
VS-02204,Rubber garden hose 15 m 2204,Volume Supplies,Garden,72.99,GBP,"A made-up garden hose for ACME's volume test, number 2204."
VS-02205,Kettle 1.7 L 2205,Volume Supplies,Kitchen,73.99,GBP,
VS-02206,Ceramic mixing bowl 2206,Volume Supplies,Kitchen,74.99,GBP,"A made-up mixing bowl for ACME's volume test, number 2206."
VS-02207,Saucepan 18 cm 2207,Volume Supplies,Kitchen,75.99,GBP,"A made-up saucepan for ACME's volume test, number 2207."
VS-02208,Brass desk lamp 2208,Volume Supplies,Lighting,76.99,GBP,
VS-02209,LED strip light 2 m 2209,Volume Supplies,Lighting,77.99,GBP,"A made-up strip light for ACME's volume test, number 2209."
VS-02210,S/S hand trowel 2210,Volume Supplies,Garden,78.99,GBP,"A made-up hand trowel for ACME's volume test, number 2210."
VS-02211,Rubber garden hose 15 m 2211,Volume Supplies,Garden,79.99,GBP,
VS-02212,Kettle 1.7 L 2212,Volume Supplies,Kitchen,80.99,GBP,"A made-up kettle for ACME's volume test, number 2212."
VS-02213,Ceramic mixing bowl 2213,Volume Supplies,Kitchen,81.99,GBP,"A made-up mixing bowl for ACME's volume test, number 2213."
VS-02214,Saucepan 18 cm 2214,Volume Supplies,Kitchen,82.99,GBP,
VS-02215,Brass desk lamp 2215,Volume Supplies,Lighting,83.99,GBP,"A made-up desk lamp for ACME's volume test, number 2215."
VS-02216,LED strip light 2 m 2216,Volume Supplies,Lighting,84.99,GBP,"A made-up strip light for ACME's volume test, number 2216."
VS-02217,Hand trowel 2217,Volume Supplies,Garden,85.99,GBP,
VS-02218,Rubber garden hose 15 m 2218,Volume Supplies,Garden,86.99,GBP,"A made-up garden hose for ACME's volume test, number 2218."
VS-02219,Kettle 1.7 L 2219,Volume Supplies,Kitchen,87.99,GBP,"A made-up kettle for ACME's volume test, number 2219."
VS-02220,S/S kettle 2220,Volume Supplies,Kitchen,88.99,GBP,
VS-02221,Saucepan 18 cm 2221,Volume Supplies,Kitchen,89.99,GBP,"A made-up saucepan for ACME's volume test, number 2221."
VS-02222,Brass desk lamp 2222,Volume Supplies,Lighting,90.99,GBP,"A made-up desk lamp for ACME's volume test, number 2222."
VS-02223,LED strip light 2 m 2223,Volume Supplies,Lighting,91.99,GBP,
VS-02224,Hand trowel 2224,Volume Supplies,Garden,92.99,GBP,"A made-up trowel for ACME's volume test, number 2224."
VS-02225,Rubber garden hose 15 m 2225,Volume Supplies,Garden,93.99,GBP,"A made-up garden hose for ACME's volume test, number 2225."
VS-02226,Kettle 1.7 L 2226,Volume Supplies,Kitchen,94.99,GBP,
VS-02227,Ceramic mixing bowl 2227,Volume Supplies,Kitchen,95.99,GBP,"A made-up mixing bowl for ACME's volume test, number 2227."
VS-02228,Saucepan 18 cm 2228,Volume Supplies,Kitchen,96.99,GBP,"A made-up saucepan for ACME's volume test, number 2228."
VS-02229,Brass desk lamp 2229,Volume Supplies,Lighting,97.99,GBP,
VS-02230,S/S hand trowel 2230,Volume Supplies,Lighting,98.99,GBP,"A made-up hand trowel for ACME's volume test, number 2230."
VS-02231,Hand trowel 2231,Volume Supplies,Garden,2.99,GBP,"A made-up trowel for ACME's volume test, number 2231."
VS-02232,Rubber garden hose 15 m 2232,Volume Supplies,Garden,3.99,GBP,
VS-02233,Kettle 1.7 L 2233,Volume Supplies,Kitchen,4.99,GBP,"A made-up kettle for ACME's volume test, number 2233."
VS-02234,Ceramic mixing bowl 2234,Volume Supplies,Kitchen,5.99,GBP,"A made-up mixing bowl for ACME's volume test, number 2234."
VS-02235,Saucepan 18 cm 2235,Volume Supplies,Kitchen,6.99,GBP,
VS-02236,Brass desk lamp 2236,Volume Supplies,Lighting,7.99,GBP,"A made-up desk lamp for ACME's volume test, number 2236."
VS-02237,LED strip light 2 m 2237,Volume Supplies,Lighting,8.99,GBP,"A made-up strip light for ACME's volume test, number 2237."
VS-02238,Hand trowel 2238,Volume Supplies,Garden,9.99,GBP,
VS-02239,Rubber garden hose 15 m 2239,Volume Supplies,Garden,10.99,GBP,"A made-up garden hose for ACME's volume test, number 2239."
VS-02240,S/S kettle 2240,Volume Supplies,Kitchen,11.99,GBP,"A made-up kettle for ACME's volume test, number 2240."
VS-02241,Ceramic mixing bowl 2241,Volume Supplies,Kitchen,12.99,GBP,
VS-02242,Saucepan 18 cm 2242,Volume Supplies,Kitchen,13.99,GBP,"A made-up saucepan for ACME's volume test, number 2242."
VS-02243,Brass desk lamp 2243,Volume Supplies,Lighting,14.99,GBP,"A made-up desk lamp for ACME's volume test, number 2243."
VS-02244,LED strip light 2 m 2244,Volume Supplies,Lighting,15.99,GBP,
VS-02245,Hand trowel 2245,Volume Supplies,Garden,16.99,GBP,"A made-up trowel for ACME's volume test, number 2245."
VS-02246,Rubber garden hose 15 m 2246,Volume Supplies,Garden,17.99,GBP,"A made-up garden hose for ACME's volume test, number 2246."
VS-02247,Kettle 1.7 L 2247,Volume Supplies,Kitchen,18.99,GBP,
VS-02248,Ceramic mixing bowl 2248,Volume Supplies,Kitchen,19.99,GBP,"A made-up mixing bowl for ACME's volume test, number 2248."
VS-02249,Saucepan 18 cm 2249,Volume Supplies,Kitchen,20.99,GBP,"A made-up saucepan for ACME's volume test, number 2249."
VS-02250,S/S hand trowel 2250,Volume Supplies,Lighting,21.99,GBP,
VS-02251,LED strip light 2 m 2251,Volume Supplies,Lighting,22.99,GBP,"A made-up strip light for ACME's volume test, number 2251."
VS-02252,Hand trowel 2252,Volume Supplies,Garden,23.99,GBP,"A made-up trowel for ACME's volume test, number 2252."
VS-02253,Rubber garden hose 15 m 2253,Volume Supplies,Garden,24.99,GBP,
VS-02254,Kettle 1.7 L 2254,Volume Supplies,Kitchen,25.99,GBP,"A made-up kettle for ACME's volume test, number 2254."
VS-02255,Ceramic mixing bowl 2255,Volume Supplies,Kitchen,26.99,GBP,"A made-up mixing bowl for ACME's volume test, number 2255."
VS-02256,Saucepan 18 cm 2256,Volume Supplies,Kitchen,27.99,GBP,
VS-02257,Brass desk lamp 2257,Volume Supplies,Lighting,28.99,GBP,"A made-up desk lamp for ACME's volume test, number 2257."
VS-02258,LED strip light 2 m 2258,Volume Supplies,Lighting,29.99,GBP,"A made-up strip light for ACME's volume test, number 2258."
VS-02259,Hand trowel 2259,Volume Supplies,Garden,30.99,GBP,
VS-02260,S/S kettle 2260,Volume Supplies,Garden,31.99,GBP,"A made-up kettle for ACME's volume test, number 2260."
VS-02261,Kettle 1.7 L 2261,Volume Supplies,Kitchen,32.99,GBP,"A made-up kettle for ACME's volume test, number 2261."
VS-02262,Ceramic mixing bowl 2262,Volume Supplies,Kitchen,33.99,GBP,
VS-02263,Saucepan 18 cm 2263,Volume Supplies,Kitchen,34.99,GBP,"A made-up saucepan for ACME's volume test, number 2263."
VS-02264,Brass desk lamp 2264,Volume Supplies,Lighting,35.99,GBP,"A made-up desk lamp for ACME's volume test, number 2264."
VS-02265,LED strip light 2 m 2265,Volume Supplies,Lighting,36.99,GBP,
VS-02266,Hand trowel 2266,Volume Supplies,Garden,37.99,GBP,"A made-up trowel for ACME's volume test, number 2266."
VS-02267,Rubber garden hose 15 m 2267,Volume Supplies,Garden,38.99,GBP,"A made-up garden hose for ACME's volume test, number 2267."
VS-02268,Kettle 1.7 L 2268,Volume Supplies,Kitchen,39.99,GBP,
VS-02269,Ceramic mixing bowl 2269,Volume Supplies,Kitchen,40.99,GBP,"A made-up mixing bowl for ACME's volume test, number 2269."
VS-02270,S/S hand trowel 2270,Volume Supplies,Kitchen,41.99,GBP,"A made-up hand trowel for ACME's volume test, number 2270."
VS-02271,Brass desk lamp 2271,Volume Supplies,Lighting,42.99,GBP,
VS-02272,LED strip light 2 m 2272,Volume Supplies,Lighting,43.99,GBP,"A made-up strip light for ACME's volume test, number 2272."
VS-02273,Hand trowel 2273,Volume Supplies,Garden,44.99,GBP,"A made-up trowel for ACME's volume test, number 2273."
VS-02274,Rubber garden hose 15 m 2274,Volume Supplies,Garden,45.99,GBP,
VS-02275,Kettle 1.7 L 2275,Volume Supplies,Kitchen,46.99,GBP,"A made-up kettle for ACME's volume test, number 2275."
VS-02276,Ceramic mixing bowl 2276,Volume Supplies,Kitchen,47.99,GBP,"A made-up mixing bowl for ACME's volume test, number 2276."
VS-02277,Saucepan 18 cm 2277,Volume Supplies,Kitchen,48.99,GBP,
VS-02278,Brass desk lamp 2278,Volume Supplies,Lighting,49.99,GBP,"A made-up desk lamp for ACME's volume test, number 2278."
VS-02279,LED strip light 2 m 2279,Volume Supplies,Lighting,50.99,GBP,"A made-up strip light for ACME's volume test, number 2279."
VS-02280,S/S kettle 2280,Volume Supplies,Garden,51.99,GBP,
VS-02281,Rubber garden hose 15 m 2281,Volume Supplies,Garden,52.99,GBP,"A made-up garden hose for ACME's volume test, number 2281."
VS-02282,Kettle 1.7 L 2282,Volume Supplies,Kitchen,53.99,GBP,"A made-up kettle for ACME's volume test, number 2282."
VS-02283,Ceramic mixing bowl 2283,Volume Supplies,Kitchen,54.99,GBP,
VS-02284,Saucepan 18 cm 2284,Volume Supplies,Kitchen,55.99,GBP,"A made-up saucepan for ACME's volume test, number 2284."
VS-02285,Brass desk lamp 2285,Volume Supplies,Lighting,56.99,GBP,"A made-up desk lamp for ACME's volume test, number 2285."
VS-02286,LED strip light 2 m 2286,Volume Supplies,Lighting,57.99,GBP,
VS-02287,Hand trowel 2287,Volume Supplies,Garden,58.99,GBP,"A made-up trowel for ACME's volume test, number 2287."
VS-02288,Rubber garden hose 15 m 2288,Volume Supplies,Garden,59.99,GBP,"A made-up garden hose for ACME's volume test, number 2288."
VS-02289,Kettle 1.7 L 2289,Volume Supplies,Kitchen,60.99,GBP,
VS-02290,S/S hand trowel 2290,Volume Supplies,Kitchen,61.99,GBP,"A made-up hand trowel for ACME's volume test, number 2290."
VS-02291,Saucepan 18 cm 2291,Volume Supplies,Kitchen,62.99,GBP,"A made-up saucepan for ACME's volume test, number 2291."
VS-02292,Brass desk lamp 2292,Volume Supplies,Lighting,63.99,GBP,
VS-02293,LED strip light 2 m 2293,Volume Supplies,Lighting,64.99,GBP,"A made-up strip light for ACME's volume test, number 2293."
VS-02294,Hand trowel 2294,Volume Supplies,Garden,65.99,GBP,"A made-up trowel for ACME's volume test, number 2294."
VS-02295,Rubber garden hose 15 m 2295,Volume Supplies,Garden,66.99,GBP,
VS-02296,Kettle 1.7 L 2296,Volume Supplies,Kitchen,67.99,GBP,"A made-up kettle for ACME's volume test, number 2296."
VS-02297,Ceramic mixing bowl 2297,Volume Supplies,Kitchen,68.99,GBP,"A made-up mixing bowl for ACME's volume test, number 2297."
VS-02298,Saucepan 18 cm 2298,Volume Supplies,Kitchen,69.99,GBP,
VS-02299,Brass desk lamp 2299,Volume Supplies,Lighting,70.99,GBP,"A made-up desk lamp for ACME's volume test, number 2299."
VS-02300,S/S kettle 2300,Volume Supplies,Lighting,71.99,GBP,"A made-up kettle for ACME's volume test, number 2300."
VS-02301,Hand trowel 2301,Volume Supplies,Garden,72.99,GBP,
VS-02302,Rubber garden hose 15 m 2302,Volume Supplies,Garden,73.99,GBP,"A made-up garden hose for ACME's volume test, number 2302."
VS-02303,Kettle 1.7 L 2303,Volume Supplies,Kitchen,74.99,GBP,"A made-up kettle for ACME's volume test, number 2303."
VS-02304,Ceramic mixing bowl 2304,Volume Supplies,Kitchen,75.99,GBP,
VS-02305,Saucepan 18 cm 2305,Volume Supplies,Kitchen,76.99,GBP,"A made-up saucepan for ACME's volume test, number 2305."
VS-02306,Brass desk lamp 2306,Volume Supplies,Lighting,77.99,GBP,"A made-up desk lamp for ACME's volume test, number 2306."
VS-02307,LED strip light 2 m 2307,Volume Supplies,Lighting,78.99,GBP,
VS-02308,Hand trowel 2308,Volume Supplies,Garden,79.99,GBP,"A made-up trowel for ACME's volume test, number 2308."
VS-02309,Rubber garden hose 15 m 2309,Volume Supplies,Garden,80.99,GBP,"A made-up garden hose for ACME's volume test, number 2309."
VS-02310,S/S hand trowel 2310,Volume Supplies,Kitchen,81.99,GBP,
VS-02311,Ceramic mixing bowl 2311,Volume Supplies,Kitchen,82.99,GBP,"A made-up mixing bowl for ACME's volume test, number 2311."
VS-02312,Saucepan 18 cm 2312,Volume Supplies,Kitchen,83.99,GBP,"A made-up saucepan for ACME's volume test, number 2312."
VS-02313,Brass desk lamp 2313,Volume Supplies,Lighting,84.99,GBP,
VS-02314,LED strip light 2 m 2314,Volume Supplies,Lighting,85.99,GBP,"A made-up strip light for ACME's volume test, number 2314."
VS-02315,Hand trowel 2315,Volume Supplies,Garden,86.99,GBP,"A made-up trowel for ACME's volume test, number 2315."
VS-02316,Rubber garden hose 15 m 2316,Volume Supplies,Garden,87.99,GBP,
VS-02317,Kettle 1.7 L 2317,Volume Supplies,Kitchen,88.99,GBP,"A made-up kettle for ACME's volume test, number 2317."
VS-02318,Ceramic mixing bowl 2318,Volume Supplies,Kitchen,89.99,GBP,"A made-up mixing bowl for ACME's volume test, number 2318."
VS-02319,Saucepan 18 cm 2319,Volume Supplies,Kitchen,90.99,GBP,
VS-02320,S/S kettle 2320,Volume Supplies,Lighting,91.99,GBP,"A made-up kettle for ACME's volume test, number 2320."
VS-02321,LED strip light 2 m 2321,Volume Supplies,Lighting,92.99,GBP,"A made-up strip light for ACME's volume test, number 2321."
VS-02322,Hand trowel 2322,Volume Supplies,Garden,93.99,GBP,
VS-02323,Rubber garden hose 15 m 2323,Volume Supplies,Garden,94.99,GBP,"A made-up garden hose for ACME's volume test, number 2323."
VS-02324,Kettle 1.7 L 2324,Volume Supplies,Kitchen,95.99,GBP,"A made-up kettle for ACME's volume test, number 2324."
VS-02325,Ceramic mixing bowl 2325,Volume Supplies,Kitchen,96.99,GBP,
VS-02326,Saucepan 18 cm 2326,Volume Supplies,Kitchen,97.99,GBP,"A made-up saucepan for ACME's volume test, number 2326."
VS-02327,Brass desk lamp 2327,Volume Supplies,Lighting,98.99,GBP,"A made-up desk lamp for ACME's volume test, number 2327."
VS-02328,LED strip light 2 m 2328,Volume Supplies,Lighting,2.99,GBP,
VS-02329,Hand trowel 2329,Volume Supplies,Garden,3.99,GBP,"A made-up trowel for ACME's volume test, number 2329."
VS-02330,S/S hand trowel 2330,Volume Supplies,Garden,4.99,GBP,"A made-up hand trowel for ACME's volume test, number 2330."
VS-02331,Kettle 1.7 L 2331,Volume Supplies,Kitchen,5.99,GBP,
VS-02332,Ceramic mixing bowl 2332,Volume Supplies,Kitchen,6.99,GBP,"A made-up mixing bowl for ACME's volume test, number 2332."
VS-02333,Saucepan 18 cm 2333,Volume Supplies,Kitchen,7.99,GBP,"A made-up saucepan for ACME's volume test, number 2333."
VS-02334,Brass desk lamp 2334,Volume Supplies,Lighting,8.99,GBP,
VS-02335,LED strip light 2 m 2335,Volume Supplies,Lighting,9.99,GBP,"A made-up strip light for ACME's volume test, number 2335."
VS-02336,Hand trowel 2336,Volume Supplies,Garden,10.99,GBP,"A made-up trowel for ACME's volume test, number 2336."
VS-02337,Rubber garden hose 15 m 2337,Volume Supplies,Garden,11.99,GBP,
VS-02338,Kettle 1.7 L 2338,Volume Supplies,Kitchen,12.99,GBP,"A made-up kettle for ACME's volume test, number 2338."
VS-02339,Ceramic mixing bowl 2339,Volume Supplies,Kitchen,13.99,GBP,"A made-up mixing bowl for ACME's volume test, number 2339."
VS-02340,S/S kettle 2340,Volume Supplies,Kitchen,14.99,GBP,
VS-02341,Brass desk lamp 2341,Volume Supplies,Lighting,15.99,GBP,"A made-up desk lamp for ACME's volume test, number 2341."
VS-02342,LED strip light 2 m 2342,Volume Supplies,Lighting,16.99,GBP,"A made-up strip light for ACME's volume test, number 2342."
VS-02343,Hand trowel 2343,Volume Supplies,Garden,17.99,GBP,
VS-02344,Rubber garden hose 15 m 2344,Volume Supplies,Garden,18.99,GBP,"A made-up garden hose for ACME's volume test, number 2344."
VS-02345,Kettle 1.7 L 2345,Volume Supplies,Kitchen,19.99,GBP,"A made-up kettle for ACME's volume test, number 2345."
VS-02346,Ceramic mixing bowl 2346,Volume Supplies,Kitchen,20.99,GBP,
VS-02347,Saucepan 18 cm 2347,Volume Supplies,Kitchen,21.99,GBP,"A made-up saucepan for ACME's volume test, number 2347."
VS-02348,Brass desk lamp 2348,Volume Supplies,Lighting,22.99,GBP,"A made-up desk lamp for ACME's volume test, number 2348."
VS-02349,LED strip light 2 m 2349,Volume Supplies,Lighting,23.99,GBP,
VS-02350,S/S hand trowel 2350,Volume Supplies,Garden,24.99,GBP,"A made-up hand trowel for ACME's volume test, number 2350."
VS-02351,Rubber garden hose 15 m 2351,Volume Supplies,Garden,25.99,GBP,"A made-up garden hose for ACME's volume test, number 2351."
VS-02352,Kettle 1.7 L 2352,Volume Supplies,Kitchen,26.99,GBP,
VS-02353,Ceramic mixing bowl 2353,Volume Supplies,Kitchen,27.99,GBP,"A made-up mixing bowl for ACME's volume test, number 2353."
VS-02354,Saucepan 18 cm 2354,Volume Supplies,Kitchen,28.99,GBP,"A made-up saucepan for ACME's volume test, number 2354."
VS-02355,Brass desk lamp 2355,Volume Supplies,Lighting,29.99,GBP,
VS-02356,LED strip light 2 m 2356,Volume Supplies,Lighting,30.99,GBP,"A made-up strip light for ACME's volume test, number 2356."
VS-02357,Hand trowel 2357,Volume Supplies,Garden,31.99,GBP,"A made-up trowel for ACME's volume test, number 2357."
VS-02358,Rubber garden hose 15 m 2358,Volume Supplies,Garden,32.99,GBP,
VS-02359,Kettle 1.7 L 2359,Volume Supplies,Kitchen,33.99,GBP,"A made-up kettle for ACME's volume test, number 2359."
VS-02360,S/S kettle 2360,Volume Supplies,Kitchen,34.99,GBP,"A made-up kettle for ACME's volume test, number 2360."
VS-02361,Saucepan 18 cm 2361,Volume Supplies,Kitchen,35.99,GBP,
VS-02362,Brass desk lamp 2362,Volume Supplies,Lighting,36.99,GBP,"A made-up desk lamp for ACME's volume test, number 2362."
VS-02363,LED strip light 2 m 2363,Volume Supplies,Lighting,37.99,GBP,"A made-up strip light for ACME's volume test, number 2363."
VS-02364,Hand trowel 2364,Volume Supplies,Garden,38.99,GBP,
VS-02365,Rubber garden hose 15 m 2365,Volume Supplies,Garden,39.99,GBP,"A made-up garden hose for ACME's volume test, number 2365."
VS-02366,Kettle 1.7 L 2366,Volume Supplies,Kitchen,40.99,GBP,"A made-up kettle for ACME's volume test, number 2366."
VS-02367,Ceramic mixing bowl 2367,Volume Supplies,Kitchen,41.99,GBP,
VS-02368,Saucepan 18 cm 2368,Volume Supplies,Kitchen,42.99,GBP,"A made-up saucepan for ACME's volume test, number 2368."
VS-02369,Brass desk lamp 2369,Volume Supplies,Lighting,43.99,GBP,"A made-up desk lamp for ACME's volume test, number 2369."
VS-02370,S/S hand trowel 2370,Volume Supplies,Lighting,44.99,GBP,
VS-02371,Hand trowel 2371,Volume Supplies,Garden,45.99,GBP,"A made-up trowel for ACME's volume test, number 2371."
VS-02372,Rubber garden hose 15 m 2372,Volume Supplies,Garden,46.99,GBP,"A made-up garden hose for ACME's volume test, number 2372."
VS-02373,Kettle 1.7 L 2373,Volume Supplies,Kitchen,47.99,GBP,
VS-02374,Ceramic mixing bowl 2374,Volume Supplies,Kitchen,48.99,GBP,"A made-up mixing bowl for ACME's volume test, number 2374."
VS-02375,Saucepan 18 cm 2375,Volume Supplies,Kitchen,49.99,GBP,"A made-up saucepan for ACME's volume test, number 2375."
VS-02376,Brass desk lamp 2376,Volume Supplies,Lighting,50.99,GBP,
VS-02377,LED strip light 2 m 2377,Volume Supplies,Lighting,51.99,GBP,"A made-up strip light for ACME's volume test, number 2377."
VS-02378,Hand trowel 2378,Volume Supplies,Garden,52.99,GBP,"A made-up trowel for ACME's volume test, number 2378."
VS-02379,Rubber garden hose 15 m 2379,Volume Supplies,Garden,53.99,GBP,
VS-02380,S/S kettle 2380,Volume Supplies,Kitchen,54.99,GBP,"A made-up kettle for ACME's volume test, number 2380."
VS-02381,Ceramic mixing bowl 2381,Volume Supplies,Kitchen,55.99,GBP,"A made-up mixing bowl for ACME's volume test, number 2381."
VS-02382,Saucepan 18 cm 2382,Volume Supplies,Kitchen,56.99,GBP,
VS-02383,Brass desk lamp 2383,Volume Supplies,Lighting,57.99,GBP,"A made-up desk lamp for ACME's volume test, number 2383."
VS-02384,LED strip light 2 m 2384,Volume Supplies,Lighting,58.99,GBP,"A made-up strip light for ACME's volume test, number 2384."
VS-02385,Hand trowel 2385,Volume Supplies,Garden,59.99,GBP,
VS-02386,Rubber garden hose 15 m 2386,Volume Supplies,Garden,60.99,GBP,"A made-up garden hose for ACME's volume test, number 2386."
VS-02387,Kettle 1.7 L 2387,Volume Supplies,Kitchen,61.99,GBP,"A made-up kettle for ACME's volume test, number 2387."
VS-02388,Ceramic mixing bowl 2388,Volume Supplies,Kitchen,62.99,GBP,
VS-02389,Saucepan 18 cm 2389,Volume Supplies,Kitchen,63.99,GBP,"A made-up saucepan for ACME's volume test, number 2389."
VS-02390,S/S hand trowel 2390,Volume Supplies,Lighting,64.99,GBP,"A made-up hand trowel for ACME's volume test, number 2390."
VS-02391,LED strip light 2 m 2391,Volume Supplies,Lighting,65.99,GBP,
VS-02392,Hand trowel 2392,Volume Supplies,Garden,66.99,GBP,"A made-up trowel for ACME's volume test, number 2392."
VS-02393,Rubber garden hose 15 m 2393,Volume Supplies,Garden,67.99,GBP,"A made-up garden hose for ACME's volume test, number 2393."
VS-02394,Kettle 1.7 L 2394,Volume Supplies,Kitchen,68.99,GBP,
VS-02395,Ceramic mixing bowl 2395,Volume Supplies,Kitchen,69.99,GBP,"A made-up mixing bowl for ACME's volume test, number 2395."
VS-02396,Saucepan 18 cm 2396,Volume Supplies,Kitchen,70.99,GBP,"A made-up saucepan for ACME's volume test, number 2396."
VS-02397,Brass desk lamp 2397,Volume Supplies,Lighting,71.99,GBP,
VS-02398,LED strip light 2 m 2398,Volume Supplies,Lighting,72.99,GBP,"A made-up strip light for ACME's volume test, number 2398."
VS-02399,Hand trowel 2399,Volume Supplies,Garden,73.99,GBP,"A made-up trowel for ACME's volume test, number 2399."
VS-02400,S/S kettle 2400,Volume Supplies,Garden,74.99,GBP,
VS-02401,Kettle 1.7 L 2401,Volume Supplies,Kitchen,75.99,GBP,"A made-up kettle for ACME's volume test, number 2401."
VS-02402,Ceramic mixing bowl 2402,Volume Supplies,Kitchen,76.99,GBP,"A made-up mixing bowl for ACME's volume test, number 2402."
VS-02403,Saucepan 18 cm 2403,Volume Supplies,Kitchen,77.99,GBP,
VS-02404,Brass desk lamp 2404,Volume Supplies,Lighting,78.99,GBP,"A made-up desk lamp for ACME's volume test, number 2404."
VS-02405,LED strip light 2 m 2405,Volume Supplies,Lighting,79.99,GBP,"A made-up strip light for ACME's volume test, number 2405."
VS-02406,Hand trowel 2406,Volume Supplies,Garden,80.99,GBP,
VS-02407,Rubber garden hose 15 m 2407,Volume Supplies,Garden,81.99,GBP,"A made-up garden hose for ACME's volume test, number 2407."
VS-02408,Kettle 1.7 L 2408,Volume Supplies,Kitchen,82.99,GBP,"A made-up kettle for ACME's volume test, number 2408."
VS-02409,Ceramic mixing bowl 2409,Volume Supplies,Kitchen,83.99,GBP,
VS-02410,S/S hand trowel 2410,Volume Supplies,Kitchen,84.99,GBP,"A made-up hand trowel for ACME's volume test, number 2410."
VS-02411,Brass desk lamp 2411,Volume Supplies,Lighting,85.99,GBP,"A made-up desk lamp for ACME's volume test, number 2411."
VS-02412,LED strip light 2 m 2412,Volume Supplies,Lighting,86.99,GBP,
VS-02413,Hand trowel 2413,Volume Supplies,Garden,87.99,GBP,"A made-up trowel for ACME's volume test, number 2413."
VS-02414,Rubber garden hose 15 m 2414,Volume Supplies,Garden,88.99,GBP,"A made-up garden hose for ACME's volume test, number 2414."
VS-02415,Kettle 1.7 L 2415,Volume Supplies,Kitchen,89.99,GBP,
VS-02416,Ceramic mixing bowl 2416,Volume Supplies,Kitchen,90.99,GBP,"A made-up mixing bowl for ACME's volume test, number 2416."
VS-02417,Saucepan 18 cm 2417,Volume Supplies,Kitchen,91.99,GBP,"A made-up saucepan for ACME's volume test, number 2417."
VS-02418,Brass desk lamp 2418,Volume Supplies,Lighting,92.99,GBP,
VS-02419,LED strip light 2 m 2419,Volume Supplies,Lighting,93.99,GBP,"A made-up strip light for ACME's volume test, number 2419."
VS-02420,S/S kettle 2420,Volume Supplies,Garden,94.99,GBP,"A made-up kettle for ACME's volume test, number 2420."
VS-02421,Rubber garden hose 15 m 2421,Volume Supplies,Garden,95.99,GBP,
VS-02422,Kettle 1.7 L 2422,Volume Supplies,Kitchen,96.99,GBP,"A made-up kettle for ACME's volume test, number 2422."
VS-02423,Ceramic mixing bowl 2423,Volume Supplies,Kitchen,97.99,GBP,"A made-up mixing bowl for ACME's volume test, number 2423."
VS-02424,Saucepan 18 cm 2424,Volume Supplies,Kitchen,98.99,GBP,
VS-02425,Brass desk lamp 2425,Volume Supplies,Lighting,2.99,GBP,"A made-up desk lamp for ACME's volume test, number 2425."
VS-02426,LED strip light 2 m 2426,Volume Supplies,Lighting,3.99,GBP,"A made-up strip light for ACME's volume test, number 2426."
VS-02427,Hand trowel 2427,Volume Supplies,Garden,4.99,GBP,
VS-02428,Rubber garden hose 15 m 2428,Volume Supplies,Garden,5.99,GBP,"A made-up garden hose for ACME's volume test, number 2428."
VS-02429,Kettle 1.7 L 2429,Volume Supplies,Kitchen,6.99,GBP,"A made-up kettle for ACME's volume test, number 2429."
VS-02430,S/S hand trowel 2430,Volume Supplies,Kitchen,7.99,GBP,
VS-02431,Saucepan 18 cm 2431,Volume Supplies,Kitchen,8.99,GBP,"A made-up saucepan for ACME's volume test, number 2431."
VS-02432,Brass desk lamp 2432,Volume Supplies,Lighting,9.99,GBP,"A made-up desk lamp for ACME's volume test, number 2432."
VS-02433,LED strip light 2 m 2433,Volume Supplies,Lighting,10.99,GBP,
VS-02434,Hand trowel 2434,Volume Supplies,Garden,11.99,GBP,"A made-up trowel for ACME's volume test, number 2434."
VS-02435,Rubber garden hose 15 m 2435,Volume Supplies,Garden,12.99,GBP,"A made-up garden hose for ACME's volume test, number 2435."
VS-02436,Kettle 1.7 L 2436,Volume Supplies,Kitchen,13.99,GBP,
VS-02437,Ceramic mixing bowl 2437,Volume Supplies,Kitchen,14.99,GBP,"A made-up mixing bowl for ACME's volume test, number 2437."
VS-02438,Saucepan 18 cm 2438,Volume Supplies,Kitchen,15.99,GBP,"A made-up saucepan for ACME's volume test, number 2438."
VS-02439,Brass desk lamp 2439,Volume Supplies,Lighting,16.99,GBP,
VS-02440,S/S kettle 2440,Volume Supplies,Lighting,17.99,GBP,"A made-up kettle for ACME's volume test, number 2440."
VS-02441,Hand trowel 2441,Volume Supplies,Garden,18.99,GBP,"A made-up trowel for ACME's volume test, number 2441."
VS-02442,Rubber garden hose 15 m 2442,Volume Supplies,Garden,19.99,GBP,
VS-02443,Kettle 1.7 L 2443,Volume Supplies,Kitchen,20.99,GBP,"A made-up kettle for ACME's volume test, number 2443."
VS-02444,Ceramic mixing bowl 2444,Volume Supplies,Kitchen,21.99,GBP,"A made-up mixing bowl for ACME's volume test, number 2444."
VS-02445,Saucepan 18 cm 2445,Volume Supplies,Kitchen,22.99,GBP,
VS-02446,Brass desk lamp 2446,Volume Supplies,Lighting,23.99,GBP,"A made-up desk lamp for ACME's volume test, number 2446."
VS-02447,LED strip light 2 m 2447,Volume Supplies,Lighting,24.99,GBP,"A made-up strip light for ACME's volume test, number 2447."
VS-02448,Hand trowel 2448,Volume Supplies,Garden,25.99,GBP,
VS-02449,Rubber garden hose 15 m 2449,Volume Supplies,Garden,26.99,GBP,"A made-up garden hose for ACME's volume test, number 2449."
VS-02450,S/S hand trowel 2450,Volume Supplies,Kitchen,27.99,GBP,"A made-up hand trowel for ACME's volume test, number 2450."
VS-02451,Ceramic mixing bowl 2451,Volume Supplies,Kitchen,28.99,GBP,
VS-02452,Saucepan 18 cm 2452,Volume Supplies,Kitchen,29.99,GBP,"A made-up saucepan for ACME's volume test, number 2452."
VS-02453,Brass desk lamp 2453,Volume Supplies,Lighting,30.99,GBP,"A made-up desk lamp for ACME's volume test, number 2453."
VS-02454,LED strip light 2 m 2454,Volume Supplies,Lighting,31.99,GBP,
VS-02455,Hand trowel 2455,Volume Supplies,Garden,32.99,GBP,"A made-up trowel for ACME's volume test, number 2455."
VS-02456,Rubber garden hose 15 m 2456,Volume Supplies,Garden,33.99,GBP,"A made-up garden hose for ACME's volume test, number 2456."
VS-02457,Kettle 1.7 L 2457,Volume Supplies,Kitchen,34.99,GBP,
VS-02458,Ceramic mixing bowl 2458,Volume Supplies,Kitchen,35.99,GBP,"A made-up mixing bowl for ACME's volume test, number 2458."
VS-02459,Saucepan 18 cm 2459,Volume Supplies,Kitchen,36.99,GBP,"A made-up saucepan for ACME's volume test, number 2459."
VS-02460,S/S kettle 2460,Volume Supplies,Lighting,37.99,GBP,
VS-02461,LED strip light 2 m 2461,Volume Supplies,Lighting,38.99,GBP,"A made-up strip light for ACME's volume test, number 2461."
VS-02462,Hand trowel 2462,Volume Supplies,Garden,39.99,GBP,"A made-up trowel for ACME's volume test, number 2462."
VS-02463,Rubber garden hose 15 m 2463,Volume Supplies,Garden,40.99,GBP,
VS-02464,Kettle 1.7 L 2464,Volume Supplies,Kitchen,41.99,GBP,"A made-up kettle for ACME's volume test, number 2464."
VS-02465,Ceramic mixing bowl 2465,Volume Supplies,Kitchen,42.99,GBP,"A made-up mixing bowl for ACME's volume test, number 2465."
VS-02466,Saucepan 18 cm 2466,Volume Supplies,Kitchen,43.99,GBP,
VS-02467,Brass desk lamp 2467,Volume Supplies,Lighting,44.99,GBP,"A made-up desk lamp for ACME's volume test, number 2467."
VS-02468,LED strip light 2 m 2468,Volume Supplies,Lighting,45.99,GBP,"A made-up strip light for ACME's volume test, number 2468."
VS-02469,Hand trowel 2469,Volume Supplies,Garden,46.99,GBP,
VS-02470,S/S hand trowel 2470,Volume Supplies,Garden,47.99,GBP,"A made-up hand trowel for ACME's volume test, number 2470."
VS-02471,Kettle 1.7 L 2471,Volume Supplies,Kitchen,48.99,GBP,"A made-up kettle for ACME's volume test, number 2471."
VS-02472,Ceramic mixing bowl 2472,Volume Supplies,Kitchen,49.99,GBP,
VS-02473,Saucepan 18 cm 2473,Volume Supplies,Kitchen,50.99,GBP,"A made-up saucepan for ACME's volume test, number 2473."
VS-02474,Brass desk lamp 2474,Volume Supplies,Lighting,51.99,GBP,"A made-up desk lamp for ACME's volume test, number 2474."
VS-02475,LED strip light 2 m 2475,Volume Supplies,Lighting,52.99,GBP,
VS-02476,Hand trowel 2476,Volume Supplies,Garden,53.99,GBP,"A made-up trowel for ACME's volume test, number 2476."
VS-02477,Rubber garden hose 15 m 2477,Volume Supplies,Garden,54.99,GBP,"A made-up garden hose for ACME's volume test, number 2477."
VS-02478,Kettle 1.7 L 2478,Volume Supplies,Kitchen,55.99,GBP,
VS-02479,Ceramic mixing bowl 2479,Volume Supplies,Kitchen,56.99,GBP,"A made-up mixing bowl for ACME's volume test, number 2479."
VS-02480,S/S kettle 2480,Volume Supplies,Kitchen,57.99,GBP,"A made-up kettle for ACME's volume test, number 2480."
VS-02481,Brass desk lamp 2481,Volume Supplies,Lighting,58.99,GBP,
VS-02482,LED strip light 2 m 2482,Volume Supplies,Lighting,59.99,GBP,"A made-up strip light for ACME's volume test, number 2482."
VS-02483,Hand trowel 2483,Volume Supplies,Garden,60.99,GBP,"A made-up trowel for ACME's volume test, number 2483."
VS-02484,Rubber garden hose 15 m 2484,Volume Supplies,Garden,61.99,GBP,
VS-02485,Kettle 1.7 L 2485,Volume Supplies,Kitchen,62.99,GBP,"A made-up kettle for ACME's volume test, number 2485."
VS-02486,Ceramic mixing bowl 2486,Volume Supplies,Kitchen,63.99,GBP,"A made-up mixing bowl for ACME's volume test, number 2486."
VS-02487,Saucepan 18 cm 2487,Volume Supplies,Kitchen,64.99,GBP,
VS-02488,Brass desk lamp 2488,Volume Supplies,Lighting,65.99,GBP,"A made-up desk lamp for ACME's volume test, number 2488."
VS-02489,LED strip light 2 m 2489,Volume Supplies,Lighting,66.99,GBP,"A made-up strip light for ACME's volume test, number 2489."
VS-02490,S/S hand trowel 2490,Volume Supplies,Garden,67.99,GBP,
VS-02491,Rubber garden hose 15 m 2491,Volume Supplies,Garden,68.99,GBP,"A made-up garden hose for ACME's volume test, number 2491."
VS-02492,Kettle 1.7 L 2492,Volume Supplies,Kitchen,69.99,GBP,"A made-up kettle for ACME's volume test, number 2492."
VS-02493,Ceramic mixing bowl 2493,Volume Supplies,Kitchen,70.99,GBP,
VS-02494,Saucepan 18 cm 2494,Volume Supplies,Kitchen,71.99,GBP,"A made-up saucepan for ACME's volume test, number 2494."
VS-02495,Brass desk lamp 2495,Volume Supplies,Lighting,72.99,GBP,"A made-up desk lamp for ACME's volume test, number 2495."
VS-02496,LED strip light 2 m 2496,Volume Supplies,Lighting,73.99,GBP,
VS-02497,Hand trowel 2497,Volume Supplies,Garden,74.99,GBP,"A made-up trowel for ACME's volume test, number 2497."
VS-02498,Rubber garden hose 15 m 2498,Volume Supplies,Garden,75.99,GBP,"A made-up garden hose for ACME's volume test, number 2498."
VS-02499,Kettle 1.7 L 2499,Volume Supplies,Kitchen,76.99,GBP,
VS-02500,S/S kettle 2500,Volume Supplies,Kitchen,77.99,GBP,"A made-up kettle for ACME's volume test, number 2500."
VS-02501,Saucepan 18 cm 2501,Volume Supplies,Kitchen,78.99,GBP,"A made-up saucepan for ACME's volume test, number 2501."
VS-02502,Brass desk lamp 2502,Volume Supplies,Lighting,79.99,GBP,
VS-02503,LED strip light 2 m 2503,Volume Supplies,Lighting,80.99,GBP,"A made-up strip light for ACME's volume test, number 2503."
VS-02504,Hand trowel 2504,Volume Supplies,Garden,81.99,GBP,"A made-up trowel for ACME's volume test, number 2504."
VS-02505,Rubber garden hose 15 m 2505,Volume Supplies,Garden,82.99,GBP,
VS-02506,Kettle 1.7 L 2506,Volume Supplies,Kitchen,83.99,GBP,"A made-up kettle for ACME's volume test, number 2506."
VS-02507,Ceramic mixing bowl 2507,Volume Supplies,Kitchen,84.99,GBP,"A made-up mixing bowl for ACME's volume test, number 2507."
VS-02508,Saucepan 18 cm 2508,Volume Supplies,Kitchen,85.99,GBP,
VS-02509,Brass desk lamp 2509,Volume Supplies,Lighting,86.99,GBP,"A made-up desk lamp for ACME's volume test, number 2509."
VS-02510,S/S hand trowel 2510,Volume Supplies,Lighting,87.99,GBP,"A made-up hand trowel for ACME's volume test, number 2510."
VS-02511,Hand trowel 2511,Volume Supplies,Garden,88.99,GBP,
VS-02512,Rubber garden hose 15 m 2512,Volume Supplies,Garden,89.99,GBP,"A made-up garden hose for ACME's volume test, number 2512."
VS-02513,Kettle 1.7 L 2513,Volume Supplies,Kitchen,90.99,GBP,"A made-up kettle for ACME's volume test, number 2513."
VS-02514,Ceramic mixing bowl 2514,Volume Supplies,Kitchen,91.99,GBP,
VS-02515,Saucepan 18 cm 2515,Volume Supplies,Kitchen,92.99,GBP,"A made-up saucepan for ACME's volume test, number 2515."
VS-02516,Brass desk lamp 2516,Volume Supplies,Lighting,93.99,GBP,"A made-up desk lamp for ACME's volume test, number 2516."
VS-02517,LED strip light 2 m 2517,Volume Supplies,Lighting,94.99,GBP,
VS-02518,Hand trowel 2518,Volume Supplies,Garden,95.99,GBP,"A made-up trowel for ACME's volume test, number 2518."
VS-02519,Rubber garden hose 15 m 2519,Volume Supplies,Garden,96.99,GBP,"A made-up garden hose for ACME's volume test, number 2519."
VS-02520,S/S kettle 2520,Volume Supplies,Kitchen,97.99,GBP,
VS-02521,Ceramic mixing bowl 2521,Volume Supplies,Kitchen,98.99,GBP,"A made-up mixing bowl for ACME's volume test, number 2521."
VS-02522,Saucepan 18 cm 2522,Volume Supplies,Kitchen,2.99,GBP,"A made-up saucepan for ACME's volume test, number 2522."
VS-02523,Brass desk lamp 2523,Volume Supplies,Lighting,3.99,GBP,
VS-02524,LED strip light 2 m 2524,Volume Supplies,Lighting,4.99,GBP,"A made-up strip light for ACME's volume test, number 2524."
VS-02525,Hand trowel 2525,Volume Supplies,Garden,5.99,GBP,"A made-up trowel for ACME's volume test, number 2525."
VS-02526,Rubber garden hose 15 m 2526,Volume Supplies,Garden,6.99,GBP,
VS-02527,Kettle 1.7 L 2527,Volume Supplies,Kitchen,7.99,GBP,"A made-up kettle for ACME's volume test, number 2527."
VS-02528,Ceramic mixing bowl 2528,Volume Supplies,Kitchen,8.99,GBP,"A made-up mixing bowl for ACME's volume test, number 2528."
VS-02529,Saucepan 18 cm 2529,Volume Supplies,Kitchen,9.99,GBP,
VS-02530,S/S hand trowel 2530,Volume Supplies,Lighting,10.99,GBP,"A made-up hand trowel for ACME's volume test, number 2530."
VS-02531,LED strip light 2 m 2531,Volume Supplies,Lighting,11.99,GBP,"A made-up strip light for ACME's volume test, number 2531."
VS-02532,Hand trowel 2532,Volume Supplies,Garden,12.99,GBP,
VS-02533,Rubber garden hose 15 m 2533,Volume Supplies,Garden,13.99,GBP,"A made-up garden hose for ACME's volume test, number 2533."
VS-02534,Kettle 1.7 L 2534,Volume Supplies,Kitchen,14.99,GBP,"A made-up kettle for ACME's volume test, number 2534."
VS-02535,Ceramic mixing bowl 2535,Volume Supplies,Kitchen,15.99,GBP,
VS-02536,Saucepan 18 cm 2536,Volume Supplies,Kitchen,16.99,GBP,"A made-up saucepan for ACME's volume test, number 2536."
VS-02537,Brass desk lamp 2537,Volume Supplies,Lighting,17.99,GBP,"A made-up desk lamp for ACME's volume test, number 2537."
VS-02538,LED strip light 2 m 2538,Volume Supplies,Lighting,18.99,GBP,
VS-02539,Hand trowel 2539,Volume Supplies,Garden,19.99,GBP,"A made-up trowel for ACME's volume test, number 2539."
VS-02540,S/S kettle 2540,Volume Supplies,Garden,20.99,GBP,"A made-up kettle for ACME's volume test, number 2540."
VS-02541,Kettle 1.7 L 2541,Volume Supplies,Kitchen,21.99,GBP,
VS-02542,Ceramic mixing bowl 2542,Volume Supplies,Kitchen,22.99,GBP,"A made-up mixing bowl for ACME's volume test, number 2542."
VS-02543,Saucepan 18 cm 2543,Volume Supplies,Kitchen,23.99,GBP,"A made-up saucepan for ACME's volume test, number 2543."
VS-02544,Brass desk lamp 2544,Volume Supplies,Lighting,24.99,GBP,
VS-02545,LED strip light 2 m 2545,Volume Supplies,Lighting,25.99,GBP,"A made-up strip light for ACME's volume test, number 2545."
VS-02546,Hand trowel 2546,Volume Supplies,Garden,26.99,GBP,"A made-up trowel for ACME's volume test, number 2546."
VS-02547,Rubber garden hose 15 m 2547,Volume Supplies,Garden,27.99,GBP,
VS-02548,Kettle 1.7 L 2548,Volume Supplies,Kitchen,28.99,GBP,"A made-up kettle for ACME's volume test, number 2548."
VS-02549,Ceramic mixing bowl 2549,Volume Supplies,Kitchen,29.99,GBP,"A made-up mixing bowl for ACME's volume test, number 2549."
VS-02550,S/S hand trowel 2550,Volume Supplies,Kitchen,30.99,GBP,
VS-02551,Brass desk lamp 2551,Volume Supplies,Lighting,31.99,GBP,"A made-up desk lamp for ACME's volume test, number 2551."
VS-02552,LED strip light 2 m 2552,Volume Supplies,Lighting,32.99,GBP,"A made-up strip light for ACME's volume test, number 2552."
VS-02553,Hand trowel 2553,Volume Supplies,Garden,33.99,GBP,
VS-02554,Rubber garden hose 15 m 2554,Volume Supplies,Garden,34.99,GBP,"A made-up garden hose for ACME's volume test, number 2554."
VS-02555,Kettle 1.7 L 2555,Volume Supplies,Kitchen,35.99,GBP,"A made-up kettle for ACME's volume test, number 2555."
VS-02556,Ceramic mixing bowl 2556,Volume Supplies,Kitchen,36.99,GBP,
VS-02557,Saucepan 18 cm 2557,Volume Supplies,Kitchen,37.99,GBP,"A made-up saucepan for ACME's volume test, number 2557."
VS-02558,Brass desk lamp 2558,Volume Supplies,Lighting,38.99,GBP,"A made-up desk lamp for ACME's volume test, number 2558."
VS-02559,LED strip light 2 m 2559,Volume Supplies,Lighting,39.99,GBP,
VS-02560,S/S kettle 2560,Volume Supplies,Garden,40.99,GBP,"A made-up kettle for ACME's volume test, number 2560."
VS-02561,Rubber garden hose 15 m 2561,Volume Supplies,Garden,41.99,GBP,"A made-up garden hose for ACME's volume test, number 2561."
VS-02562,Kettle 1.7 L 2562,Volume Supplies,Kitchen,42.99,GBP,
VS-02563,Ceramic mixing bowl 2563,Volume Supplies,Kitchen,43.99,GBP,"A made-up mixing bowl for ACME's volume test, number 2563."
VS-02564,Saucepan 18 cm 2564,Volume Supplies,Kitchen,44.99,GBP,"A made-up saucepan for ACME's volume test, number 2564."
VS-02565,Brass desk lamp 2565,Volume Supplies,Lighting,45.99,GBP,
VS-02566,LED strip light 2 m 2566,Volume Supplies,Lighting,46.99,GBP,"A made-up strip light for ACME's volume test, number 2566."
VS-02567,Hand trowel 2567,Volume Supplies,Garden,47.99,GBP,"A made-up trowel for ACME's volume test, number 2567."
VS-02568,Rubber garden hose 15 m 2568,Volume Supplies,Garden,48.99,GBP,
VS-02569,Kettle 1.7 L 2569,Volume Supplies,Kitchen,49.99,GBP,"A made-up kettle for ACME's volume test, number 2569."
VS-02570,S/S hand trowel 2570,Volume Supplies,Kitchen,50.99,GBP,"A made-up hand trowel for ACME's volume test, number 2570."
VS-02571,Saucepan 18 cm 2571,Volume Supplies,Kitchen,51.99,GBP,
VS-02572,Brass desk lamp 2572,Volume Supplies,Lighting,52.99,GBP,"A made-up desk lamp for ACME's volume test, number 2572."
VS-02573,LED strip light 2 m 2573,Volume Supplies,Lighting,53.99,GBP,"A made-up strip light for ACME's volume test, number 2573."
VS-02574,Hand trowel 2574,Volume Supplies,Garden,54.99,GBP,
VS-02575,Rubber garden hose 15 m 2575,Volume Supplies,Garden,55.99,GBP,"A made-up garden hose for ACME's volume test, number 2575."
VS-02576,Kettle 1.7 L 2576,Volume Supplies,Kitchen,56.99,GBP,"A made-up kettle for ACME's volume test, number 2576."
VS-02577,Ceramic mixing bowl 2577,Volume Supplies,Kitchen,57.99,GBP,
VS-02578,Saucepan 18 cm 2578,Volume Supplies,Kitchen,58.99,GBP,"A made-up saucepan for ACME's volume test, number 2578."
VS-02579,Brass desk lamp 2579,Volume Supplies,Lighting,59.99,GBP,"A made-up desk lamp for ACME's volume test, number 2579."
VS-02580,S/S kettle 2580,Volume Supplies,Lighting,60.99,GBP,
VS-02581,Hand trowel 2581,Volume Supplies,Garden,61.99,GBP,"A made-up trowel for ACME's volume test, number 2581."
VS-02582,Rubber garden hose 15 m 2582,Volume Supplies,Garden,62.99,GBP,"A made-up garden hose for ACME's volume test, number 2582."
VS-02583,Kettle 1.7 L 2583,Volume Supplies,Kitchen,63.99,GBP,
VS-02584,Ceramic mixing bowl 2584,Volume Supplies,Kitchen,64.99,GBP,"A made-up mixing bowl for ACME's volume test, number 2584."
VS-02585,Saucepan 18 cm 2585,Volume Supplies,Kitchen,65.99,GBP,"A made-up saucepan for ACME's volume test, number 2585."
VS-02586,Brass desk lamp 2586,Volume Supplies,Lighting,66.99,GBP,
VS-02587,LED strip light 2 m 2587,Volume Supplies,Lighting,67.99,GBP,"A made-up strip light for ACME's volume test, number 2587."
VS-02588,Hand trowel 2588,Volume Supplies,Garden,68.99,GBP,"A made-up trowel for ACME's volume test, number 2588."
VS-02589,Rubber garden hose 15 m 2589,Volume Supplies,Garden,69.99,GBP,
VS-02590,S/S hand trowel 2590,Volume Supplies,Kitchen,70.99,GBP,"A made-up hand trowel for ACME's volume test, number 2590."
VS-02591,Ceramic mixing bowl 2591,Volume Supplies,Kitchen,71.99,GBP,"A made-up mixing bowl for ACME's volume test, number 2591."
VS-02592,Saucepan 18 cm 2592,Volume Supplies,Kitchen,72.99,GBP,
VS-02593,Brass desk lamp 2593,Volume Supplies,Lighting,73.99,GBP,"A made-up desk lamp for ACME's volume test, number 2593."
VS-02594,LED strip light 2 m 2594,Volume Supplies,Lighting,74.99,GBP,"A made-up strip light for ACME's volume test, number 2594."
VS-02595,Hand trowel 2595,Volume Supplies,Garden,75.99,GBP,
VS-02596,Rubber garden hose 15 m 2596,Volume Supplies,Garden,76.99,GBP,"A made-up garden hose for ACME's volume test, number 2596."
VS-02597,Kettle 1.7 L 2597,Volume Supplies,Kitchen,77.99,GBP,"A made-up kettle for ACME's volume test, number 2597."
VS-02598,Ceramic mixing bowl 2598,Volume Supplies,Kitchen,78.99,GBP,
VS-02599,Saucepan 18 cm 2599,Volume Supplies,Kitchen,79.99,GBP,"A made-up saucepan for ACME's volume test, number 2599."
VS-02600,S/S kettle 2600,Volume Supplies,Lighting,80.99,GBP,"A made-up kettle for ACME's volume test, number 2600."
